,player_id,player_name,birth_date,nationality,primary_broad_position,primary_general_position,secondary_broad_position,secondary_general_position,season_name,height_ft,height_in,weight_lb,competition
0,0Oq6243Pq6,Lena Silano,2000-02-28,USA,FW,ST,MF,W,"['2023', '2024']",,,,nwsl
1,0Oq632XPQ6,Jenna Hellstrom,1995-04-02,Canada,DF,FB,,,2020,5.0,6.0,,nwsl
2,0Oq63d8XQ6,Maddie Huster,1996-07-05,USA,,,,,{},5.0,4.0,,nwsl
3,0Oq63dogQ6,Paige Monaghan,1996-11-13,USA,MF,W,FW,W,"['2019', '2020', '2021', '2022', '2023', '2024']",5.0,7.0,,nwsl
4,0Oq63dpzQ6,Erin Yenney,1992-10-20,USA,FW,W,MF,W,2018,5.0,7.0,,nwsl
5,0Oq63NGdQ6,Kate Del Fava,1998-07-23,USA,DF,FB,,,"['2020', '2021', '2022', '2023', '2024']",5.0,9.0,,nwsl
6,0Oq6L6BzM6,Madison Elwell,1999-09-06,USA,DF,FB,,,"['2022', '2023']",,,,nwsl
7,0Oq6Lbp7M6,Alexis Loera,,USA,MF,DM,DF,CB,"['2022', '2023', '2024']",,,,nwsl
8,0Oq6LbXzM6,Mia Gyau,1998-06-22,USA,DF,FB,,,"['2022', '2023']",,,,nwsl
9,0Oq6LeZxM6,Joelle Anderson,,USA,MF,CM,,,"['2022', '2023', '2024']",,,,nwsl
10,0Oq6lgE2M6,Angharad James,1994-06-01,Wales,MF,DM,,CM,"['2021', '2022', '2024']",,,,nwsl
11,0Oq6LKAxM6,Scarlett Camberos,2000-11-20,Mexico,MF,W,,,"['2023', '2024']",5.0,6.0,137.0,nwsl
12,0Oq6lL2rM6,Nahomi Kawasumi,1985-09-23,Japan,FW,W,MF,W,"['2016', '2017', '2018', '2019', '2020', '2021', '2022', '2023']",5.0,2.0,110.0,nwsl
13,0Oq6lLLrM6,Elise Thorsnes,1988-08-14,Norway,MF,W,,,2018,5.0,9.0,154.0,nwsl
14,0Oq6lLw2M6,Lisa De Vanna,1984-11-14,Australia,MF,W,,AM,2016,5.0,1.0,123.0,nwsl
15,0Oq6LpwXM6,Taylor Aylmer,,USA,MF,DM,,,"['2021', '2022', '2023']",5.0,8.0,,nwsl
16,0Oq6lRkrM6,Verónica Boquete,1987-04-09,Spain,MF,CM,,,"['2019', '2020']",5.0,4.0,119.0,nwsl
17,0Oq6LyL7M6,Jenna Winebrenner,,USA,DF,CB,,,"['2022', '2023']",,,,nwsl
18,0Oq6w2WgQ6,Katie Lind,1994-02-15,USA,DF,CB,,,"['2016', '2017', '2018', '2019', '2020', '2021', '2022', '2023']",5.0,10.0,,nwsl
19,0Oq6w6D6Q6,Ally Watt,1997-03-12,USA,FW,ST,MF,W,"['2020', '2021', '2022', '2023', '2024']",,,,nwsl
20,0Oq6w6JgQ6,Naomi Girma,2000-06-14,USA,DF,CB,,,"['2022', '2023', '2024']",5.0,5.0,,nwsl
21,0Oq6w6ngQ6,Holly Daugirda,,USA,,,,,{},,,,nwsl
22,0Oq6wa1gQ6,Lindsay Elston,1991-04-30,USA,MF,CM,,,"['2016', '2017']",5.0,8.0,,nwsl
23,0Oq6waLAQ6,Jami Kranich,1992-05-27,USA,GK,GK,,,2016,5.0,10.0,,nwsl
24,0Oq6waLXQ6,Louise Schillgard,1989-10-23,Sweden,MF,W,,,2016,,,,nwsl
25,0Oq6waZ2Q6,Maycee Bell,2000-09-18,USA,DF,CB,,,2024,5.0,11.0,,nwsl
26,0Oq6wbb2Q6,Kristen McNabb,1994-04-17,USA,DF,FB,,CB,"['2017', '2018', '2019', '2020', '2021', '2022', '2023', '2024']",5.0,5.0,,nwsl
27,0Oq6wGnrQ6,Paige Nielsen,1993-10-14,USA,DF,CB,,,"['2016', '2019', '2020', '2021', '2022', '2023', '2024']",5.0,5.0,,nwsl
28,0Oq6wlg7Q6,Caprice Dydasco,1993-08-19,USA,DF,FB,,,"['2016', '2017', '2018', '2019', '2021', '2022', '2023', '2024']",5.0,3.0,,nwsl
29,0Oq6wlgrQ6,Taylor Smith,1993-12-01,USA,DF,FB,,,"['2016', '2017', '2018', '2020', '2021', '2022', '2023']",5.0,3.0,,nwsl
30,0Oq6wVydQ6,Kayla Mills,1995-11-08,USA,DF,FB,,,2017,5.0,9.0,,nwsl
31,0Oq6wZexQ6,Janine Beckie,1994-08-20,Canada,MF,CM,,,"['2016', '2017', '2018', '2022', '2024']",5.0,8.0,,nwsl
32,0x5g23JrM7,Cara Walls,1993-06-16,USA,FW,ST,,,2016,,,,nwsl
33,0x5g23nLM7,Hensley Hancuff,2000-08-03,USA,,,,,{},,,,nwsl
34,0x5g23VwM7,Abigail Steele,1993-09-18,USA,,,,,{},,,,nwsl
35,0x5g23X7M7,Samantha Lofton,1992-04-29,USA,DF,FB,,,2016,5.0,8.0,,nwsl
36,0x5g2EBPM7,Zoe Redei,1997-10-08,USA,FW,W,,,2020,5.0,4.0,,nwsl
37,0x5g2EoZM7,Katie Johnson,1994-09-14,Mexico,FW,ST,,,"['2017', '2018', '2019', '2020', '2021', '2022', '2023', '2024']",5.0,9.0,,nwsl
38,0x5g2EvwM7,Samantha Hiatt,1998-01-06,USA,DF,CB,,,"['2020', '2021', '2022', '2023', '2024']",5.0,10.0,,nwsl
39,0x5g2k0bM7,Amber Brooks,1991-01-23,USA,DF,CB,,,"['2016', '2017', '2018', '2019', '2020', '2021', '2022', '2023']",5.0,6.0,,nwsl
40,0x5g2mW7M7,Casey Krueger,1990-08-23,USA,DF,FB,,,"['2016', '2017', '2018', '2019', '2020', '2021', '2023', '2024']",5.0,8.0,,nwsl
41,0x5g2NEPM7,Kumi Yokoyama,1993-08-13,Japan,MF,W,,,"['2020', '2021', '2022']",5.0,1.0,119.0,nwsl
42,0x5g2nzPM7,Allysha Chapman,1989-01-25,Canada,DF,FB,,,"['2016', '2017', '2018', '2019', '2020', '2021', '2022', '2023']",5.0,3.0,123.0,nwsl
43,0x5g2pRwM7,Elin Rubensson,1993-05-11,Sweden,MF,DM,,CM,2024,5.0,5.0,135.0,nwsl
44,0x5gJ06XM7,Sydney Collins,,Canada,DF,FB,,,2023,,,,nwsl
45,0x5gJ0LXM7,Mackenzie Wood,2000-07-04,USA,,,,,{},5.0,9.0,,nwsl
46,0x5gL8rbq7,Autumn Smithers,1994-11-04,USA,DF,CB,,,2020,5.0,8.0,,nwsl
47,0x5gLLzRq7,Adelaide Gay,1989-11-03,USA,,,,,{},5.0,6.0,,nwsl
48,0x5gLNAPq7,Racheal Kundanaji,2000-06-03,Zambia,FW,W,,,2024,5.0,7.0,130.0,nwsl
49,0x5gLOxwq7,Phoebe McClernon,1997-12-13,USA,DF,CB,,FB,"['2021', '2022', '2023', '2024']",5.0,7.0,,nwsl
50,0x5gLXKXq7,Vanessa Gilles,1996-03-11,Canada,DF,CB,,,2022,5.0,7.0,,nwsl
51,0x5gP7Lwq7,Nadia Nadim,1988-01-02,Denmark,FW,ST,MF,W,"['2016', '2017', '2021', '2022', '2023']",5.0,9.0,,nwsl
52,0x5gPJvRq7,Francisca Ordega,1993-10-19,Nigeria,FW,ST,,W,"['2016', '2017', '2018']",5.0,1.0,,nwsl
53,0x5gPW2Rq7,Emily van Egmond,1993-07-12,Australia,MF,DM,,,"['2018', '2019', '2021', '2022', '2023', '2024']",5.0,10.0,154.0,nwsl
54,0x5gPXRRq7,Makenzy Doniak,1994-02-25,USA,MF,W,,,"['2016', '2017', '2019', '2020', '2021', '2022', '2023', '2024']",5.0,8.0,,nwsl
55,0x5gW0mw57,Shelby Hogan,1998-05-10,USA,GK,GK,,,"['2022', '2023', '2024']",,,,nwsl
56,0x5gW3J757,Manaka Matsukubo,2004-07-28,Japan,MF,AM,,,"['2023', '2024']",5.0,1.0,,nwsl
57,0x5gWVaj57,Ana Dias,1997-10-02,Portugal,MF,CM,,,2024,,,,nwsl
58,2lqR70GxQr,Ryanne Brown,1999-01-21,USA,DF,FB,,,"['2022', '2023', '2024']",,,,nwsl
59,2lqR7prDQr,Olivia Athens,,USA,MF,AM,,,"['2022', '2023', '2024']",,,,nwsl
60,2lqR7Y32Qr,Gabriella English,1996-11-21,USA,,,,,{},5.0,10.0,,nwsl
61,2lqRj7BAqr,Kristina Maksuti,1993-02-06,Albania,,,,,{},,,,nwsl
62,2lqRjBw0qr,Sarah Luebbert,1997-12-16,USA,DF,FB,,,"['2020', '2021', '2022']",5.0,7.0,,nwsl
63,2lqRJgPLqr,Ryan Childers,,USA,MF,DM,,,2023,,,,nwsl
64,2lqRJn6xqr,Lindsi Jennings,,USA,DF,FB,,,2023,,,,nwsl
65,2lqRjnZWqr,Amandine Pierre-Louis,1995-02-18,Canada,MF,W,FW,ST,"['2018', '2019']",5.0,7.0,,nwsl
66,2lqRk09LQr,Parker Roberts,1997-07-30,USA,MF,CM,,,"['2021', '2022']",,,,nwsl
67,2lqRk0vaQr,Taylor Kornieck,1998-11-22,USA,MF,AM,,,"['2021', '2022', '2023', '2024']",6.0,1.0,,nwsl
68,2lqRk1dnQr,Madelyn Desiano,2000-02-18,USA,MF,W,,,2023,5.0,6.0,,nwsl
69,2lqRk1eAQr,Jordyn Huitema,2001-05-08,Canada,FW,ST,,,"['2022', '2023', '2024']",5.0,11.0,,nwsl
70,2lqRk1naQr,Tessa Florio-Gavilsky,1989-07-20,USA,MF,CM,,,2016,5.0,8.0,,nwsl
71,2lqRk1YaQr,Dominique Richardson,1992-10-18,USA,DF,CB,,,"['2016', '2017', '2018', '2019', '2020', '2021', '2022']",5.0,6.0,,nwsl
72,2lqRk9PAQr,Katie Cousins,1996-09-25,USA,MF,W,,,2022,,,,nwsl
73,2lqRk9wWQr,Kerolin,1999-11-17,Brazil,MF,W,FW,ST,"['2022', '2023']",5.0,4.0,112.0,nwsl
74,2lqRkkNDQr,Mackenzie Arnold,1994-02-25,Australia,,,,,{},5.0,10.0,168.0,nwsl
75,2lqRklgAQr,Emily Menges,1992-07-28,USA,DF,CB,,,"['2016', '2017', '2018', '2019', '2020', '2021', '2022', '2023', '2024']",5.0,7.0,,nwsl
76,2lqRkmXAQr,Arin Wright,1992-12-25,USA,DF,FB,,,"['2016', '2017', '2018', '2019', '2020', '2021', '2022', '2023', '2024']",5.0,7.0,132.0,nwsl
77,2lqRkN10Qr,Elli Pikkujamsa,1999-10-24,Finland,DF,CB,MF,DM,"['2023', '2024']",,,,nwsl
78,2lqRknR2Qr,Lotta Okvist,1997-02-17,Sweden,,,,,{},5.0,5.0,,nwsl
79,2lqRkppnQr,Morgan Proffitt,1994-08-22,USA,MF,DM,,,"['2017', '2018', '2019']",5.0,10.0,,nwsl
80,2lqRkPPnQr,Libby Stout,1990-06-16,USA,GK,GK,,,2016,,,,nwsl
81,2lqRkRADQr,Lauren Kaskie,1995-09-18,USA,MF,CM,,,"['2017', '2018']",5.0,5.0,,nwsl
82,2lqRkZOxQr,Lo'eau LaBonta,1993-03-18,USA,MF,CM,,,"['2016', '2017', '2018', '2019', '2020', '2021', '2022', '2023', '2024']",5.0,2.0,,nwsl
83,2lqRR7knqr,Sam Kerr,1993-09-10,Australia,FW,ST,,,"['2016', '2017', '2018', '2019']",5.0,6.0,146.0,nwsl
84,2lqRRddLqr,Debinha,1991-10-20,Brazil,MF,AM,,,"['2017', '2018', '2019', '2020', '2021', '2022', '2023', '2024']",5.0,2.0,115.0,nwsl
85,2lqRRG6xqr,Danielle Colaprico,1993-05-06,USA,MF,CM,,DM,"['2016', '2017', '2018', '2019', '2020', '2021', '2022', '2023', '2024']",5.0,3.0,,nwsl
86,2lqRRj9Jqr,Amy Turner,1991-07-04,England,DF,CB,,,"['2021', '2022']",,,,nwsl
87,2lqRRjmaqr,Jess Fishlock,1987-01-14,Wales,MF,DM,,CM,"['2016', '2017', '2018', '2019', '2020', '2021', '2022', '2023', '2024']",5.0,2.0,121.0,nwsl
88,2vQ143Ylqr,Jaedyn Shaw,2004-11-20,USA,FW,ST,,,"['2022', '2023', '2024']",,,,nwsl
89,2vQ14byOqr,Erin Greening,1997-06-20,USA,DF,FB,,,2019,5.0,7.0,,nwsl
90,2vQ14G44qr,Kyra Carusa,1995-11-14,Republic of Ireland,MF,W,FW,ST,"['2023', '2024']",5.0,7.0,146.0,nwsl
91,2vQ14jmLqr,Makenna Morris,2002-04-26,USA,MF,AM,,,2024,5.0,5.0,,nwsl
92,2vQ14k60qr,Maddie Pokorny,1996-11-24,USA,MF,W,DF,FB,"['2023', '2024']",,,,nwsl
93,2vQ14Xolqr,Haley McCutcheon,1996-02-22,USA,DF,FB,,,"['2018', '2019', '2020', '2021', '2022', '2023', '2024']",5.0,6.0,,nwsl
94,2vQ14ykGqr,Riley Smith,,USA,,,,,{},,,,nwsl
95,2vQ1jGBxMr,Andrea Rán Hauksdóttir,1996-01-28,Iceland,FW,W,,,2021,,,,nwsl
96,2vQ1LdZwqr,Kaylyn Kyle,1988-10-06,Canada,DF,CB,MF,DM,2016,5.0,8.0,,nwsl
97,2vQ1N2EbMr,Joanna Lohman,1982-06-26,USA,MF,CM,,,"['2016', '2017', '2018']",5.0,5.0,,nwsl
98,2vQ1N2ybMr,Alexa Newfield,1991-12-03,USA,MF,AM,,,"['2016', '2017', '2018', '2019']",5.0,3.0,,nwsl
99,2vQ1N3ebMr,Frankie Tagliaferri,1999-01-18,USA,MF,AM,,,"['2022', '2023', '2024']",,,,nwsl
100,2vQ1N8PLMr,Jasmyne Spencer,1990-08-27,USA,FW,W,DF,FB,"['2016', '2017', '2018', '2019', '2020', '2021', '2022', '2023', '2024']",5.0,1.0,,nwsl
101,2vQ1NDNOMr,Stephanie Verdoia,1993-01-02,USA,MF,AM,,CM,2016,,,,nwsl
102,2vQ1R1WbMr,Caroline Conti,2001-03-28,USA,,,,,{},,,,nwsl
103,315V7xlnq9,Elexa Bahr,1998-05-16,Colombia,MF,W,,,2024,5.0,3.0,132.0,nwsl
104,315V7yXbq9,Stefany Ferrer,1998-10-17,Brazil,MF,DM,,,2022,5.0,4.0,,nwsl
105,315V7ZLVq9,Miranda Nild,1997-04-01,USA,MF,W,,,2020,5.0,9.0,,nwsl
106,315VeoRVM9,Morgan Gautrat,1993-02-26,USA,MF,DM,,CM,"['2016', '2017', '2018', '2019', '2020', '2021', '2022', '2023', '2024']",5.0,7.0,123.0,nwsl
107,315VP9j9Q9,Jenna Szczesny,1997-05-17,USA,FW,ST,,,2019,5.0,9.0,,nwsl
108,315VPayXQ9,Gabby Cuevas,,USA,,,,,{},,,,nwsl
109,315VWAw9q9,,,,FW,ST,,,2023,,,,nwsl
110,315VWp19q9,Mallie McKenzie,,USA,,,,,{},,,,nwsl
111,315VWVYYq9,Regan Steigleder,1998-09-03,USA,FW,ST,,,2024,5.0,7.0,,nwsl
112,315VX01YQ9,Brianna Pinto,2000-05-24,USA,MF,DM,,CM,"['2021', '2022', '2023', '2024']",5.0,5.0,,nwsl
113,315VX0vYQ9,Julie Doyle,1998-08-30,USA,MF,W,,,"['2022', '2023', '2024']",5.0,10.0,,nwsl
114,315VX1nEQ9,Courtney Niemiec,1992-04-13,USA,DF,CB,,,2016,,,,nwsl
115,315VXd2YQ9,Cambria Privett,1993-03-16,USA,DF,FB,,,"['2016', '2017', '2019', '2020', '2021']",5.0,8.0,,nwsl
116,315VXdEbQ9,Summer Yates,2000-06-17,USA,MF,W,,,"['2023', '2024']",,,,nwsl
117,315VXdjYQ9,Theresa Diederich,,USA,,,,,{},5.0,6.0,,nwsl
118,315VXENGQ9,Poliana,1991-02-06,Brazil,DF,FB,,,"['2016', '2017', '2018']",5.0,9.0,132.0,nwsl
119,315VXEXnQ9,Kristin Grubka,1992-12-17,USA,DF,CB,,,2016,,,,nwsl
120,315VXPr6Q9,Josée Bélanger,1986-05-14,Canada,DF,FB,,,2016,5.0,4.0,,nwsl
121,315VXRDbQ9,Crystal Dunn,1992-07-03,USA,MF,W,,,"['2016', '2018', '2019', '2020', '2021', '2022', '2023', '2024']",5.0,1.0,119.0,nwsl
122,315VXz3vQ9,Nicole Douglas,2000-07-31,England,MF,AM,,,2023,,,,nwsl
123,4JMA91xYMK,Haley Berg,1998-09-23,USA,,,,,{},,,,nwsl
124,4JMA93B9MK,Havana Solaun,1993-02-23,Jamaica,MF,CM,,,"['2016', '2017', '2018', '2020', '2021', '2022', '2023', '2024']",5.0,9.0,,nwsl
125,4JMA98P2MK,Summer Green,1995-05-02,USA,FW,ST,,W,"['2017', '2018']",5.0,6.0,,nwsl
126,4JMA9dO6MK,Stine Pedersen,1994-01-03,Denmark,DF,CB,,,"['2023', '2024']",5.0,7.0,141.0,nwsl
127,4JMA9KEYMK,Erika Tymrak,1991-08-07,USA,MF,W,,,"['2016', '2017', '2018', '2019', '2021', '2022', '2023']",5.0,5.0,,nwsl
128,4JMA9KmkMK,Amirah Ali,1998-12-07,USA,MF,W,,,"['2022', '2023', '2024']",,,,nwsl
129,4JMA9ROlMK,Kiersten Dallstream,1988-03-05,USA,MF,W,,,"['2016', '2017', '2018', '2019']",5.0,7.0,,nwsl
130,4JMA9Wp2MK,Becky Edwards,1988-05-22,USA,MF,DM,,CM,2016,5.0,7.0,,nwsl
131,4JMA9y01MK,Marissa Everett,1997-08-29,USA,MF,AM,FW,ST,"['2019', '2020', '2021', '2022']",5.0,4.0,,nwsl
132,4JMAak3kMK,Marta,1986-02-19,Brazil,MF,AM,,,"['2017', '2018', '2019', '2020', '2021', '2022', '2023', '2024']",5.0,4.0,123.0,nwsl
133,4JMAakvDMK,Gaëtane Thiney,1985-10-28,France,MF,CM,,,2021,5.0,7.0,,nwsl
134,4JMAaoD6MK,Jennifer Beattie,1991-05-13,Scotland,DF,CB,,,2024,5.0,10.0,,nwsl
135,4JMAaol2MK,Karen Bardsley,1984-10-14,England,GK,GK,,,2021,6.0,0.0,,nwsl
136,4JMAaorOMK,Stephanie Cox,1986-04-03,USA,DF,FB,,,"['2019', '2020', '2021']",5.0,6.0,,nwsl
137,4JMAarV6MK,Steph Catley,1994-01-26,Australia,DF,FB,,,"['2016', '2017', '2018', '2019']",5.0,7.0,132.0,nwsl
138,4JMAaW7OMK,Natalia Kuikka,1995-12-01,Finland,DF,FB,,,"['2021', '2022', '2023', '2024']",,,,nwsl
139,4JMAkml7qK,Nealy Martin,1998-04-22,USA,MF,DM,DF,FB,"['2021', '2022', '2023', '2024']",5.0,7.0,,nwsl
140,4JMAkp87qK,Emily Jane Garnier,1996-03-21,USA,,,,,{},,,,nwsl
141,4JMAo0dOqK,Kori Butterfield,,USA,,,,,{},,,,nwsl
142,4JMAo3G2qK,EJ Proctor,,,,,,,{},,,,nwsl
143,4JMAoba7qK,Olivia Moultrie,2005-09-17,USA,MF,CM,,AM,"['2021', '2022', '2023', '2024']",5.0,7.0,,nwsl
144,4JMAoLEPqK,Maya Doms,2001-05-11,USA,,,,,{},5.0,6.0,,nwsl
145,4JMAomE7qK,Messiah Bright,2000-01-12,USA,FW,ST,,,"['2023', '2024']",,,,nwsl
146,4JMAon29qK,Meaghan Nally,1998-06-30,USA,DF,CB,,,"['2021', '2022', '2023']",5.0,7.0,,nwsl
147,4JMAoyV2qK,Madison Curry,2001-01-23,USA,DF,FB,,,2024,,,,nwsl
148,4wM42Drpqj,Janine van Wyk,1987-04-17,South Africa,DF,CB,,,"['2017', '2018']",5.0,4.0,126.0,nwsl
149,4wM42JdNqj,Rachel Daly,1991-12-06,England,FW,ST,,,"['2016', '2017', '2018', '2019', '2020', '2021', '2022']",5.0,6.0,,nwsl
150,4wM42nwzqj,Katrina Gorry,1992-08-13,Australia,MF,AM,,,2018,5.0,1.0,119.0,nwsl
151,4wM42pa4qj,Nora Holstad Berge,1987-03-26,Norway,MF,DM,,,2017,5.0,9.0,146.0,nwsl
152,4wM4a1zy5j,Ashleigh Sykes,1991-12-15,Australia,DF,FB,MF,W,2017,5.0,4.0,119.0,nwsl
153,4wM4aa445j,Celeste Boureille,1994-04-20,USA,MF,CM,,,"['2016', '2017', '2018', '2019', '2020', '2021']",5.0,9.0,,nwsl
154,4wM4agey5j,Fuka Nagano,1999-03-09,Japan,MF,AM,,W,2022,5.0,3.0,,nwsl
155,4wM4aj4y5j,Maddy Evans,,,MF,CM,,DM,"['2016', '2017']",,,,nwsl
156,4wM4ajpz5j,Mary Luba,1993-08-20,USA,MF,CM,,,2016,5.0,8.0,,nwsl
157,4wM4aOLA5j,Malia Berkely,1998-02-13,USA,DF,CB,,,"['2022', '2023', '2024']",,,,nwsl
158,4wM4aVdl5j,Christen Westphal,1993-09-02,USA,DF,FB,,,"['2016', '2017', '2018', '2019', '2020', '2021', '2022', '2023', '2024']",5.0,6.0,,nwsl
159,4wM4Eo2z5j,Bridgette Skiba,,USA,,,,,{},,,,nwsl
160,4wM4Jb2gqj,Scout Watson,1996-05-01,USA,,,,,{},,,,nwsl
161,4wM4Je2gqj,Kelsey Turnbow,1999-01-10,USA,MF,W,,,"['2022', '2023']",5.0,8.0,,nwsl
162,4wM4Jnmgqj,Lindsey Harris,1993-11-19,USA,GK,GK,,,"['2021', '2022']",5.0,7.0,,nwsl
163,4wM4JOopqj,Megan Hinz,1995-12-04,USA,,,,,{},5.0,8.0,126.0,nwsl
164,4wM4JZAlqj,Jocelyn Blankenship,1994-06-10,USA,,,,,{},,,,nwsl
165,4wM4p3LdMj,Jordan Thompson,,USA,DF,CB,,,2023,,,,nwsl
166,4wM4pXEAMj,Lauren Kozal,2000-07-11,USA,,,,,{},5.0,10.0,,nwsl
167,4wM4ZnGAqj,Sammy Jo Prudhomme,1993-10-25,USA,GK,GK,,,2017,5.0,10.0,,nwsl
168,4wM4ZnXgqj,Claire Emslie,1994-03-08,Scotland,MF,W,FW,W,"['2019', '2022', '2023', '2024']",5.0,7.0,,nwsl
169,7vQ7B4LEqD,Kimberly Keever,1995-09-22,USA,DF,FB,MF,W,2018,5.0,5.0,,nwsl
170,7vQ7Bdp8qD,Christine Creighton,1997-03-22,USA,,,,,{},5.0,9.0,,nwsl
171,7vQ7rAdOqD,Mandy Laddish,1992-05-13,USA,MF,DM,,CM,"['2016', '2019']",5.0,7.0,,nwsl
172,7vQ7rAjzqD,Coriana Dyke,2000-09-20,USA,,,,,{},,,,nwsl
173,7vQ7rAZOqD,Line Jensen,1991-08-23,Denmark,MF,CM,,DM,"['2016', '2017']",5.0,6.0,,nwsl
174,7vQ7rjrGqD,Abby Smith,1993-10-04,USA,GK,GK,,,"['2016', '2017', '2018', '2020', '2021', '2022', '2023']",5.0,9.0,,nwsl
175,7vQ7rNEGqD,Haley Rosen,1993-06-01,USA,,,,,{},5.0,9.0,,nwsl
176,7vQ7rOwOqD,Sophia Smith,2000-08-10,USA,FW,ST,,,"['2020', '2021', '2022', '2023', '2024']",5.0,5.0,,nwsl
177,7vQ7rpPLqD,Satara Murray,1993-07-01,USA,DF,CB,,FB,"['2019', '2022', '2023']",5.0,8.0,,nwsl
178,7vQ7xkp8MD,Isabella Beletic,1998-08-10,USA,,,,,{},,,,nwsl
179,7VqG07XzQv,Kayla McKenna,1996-09-03,Jamaica,FW,ST,,,2019,5.0,6.0,,nwsl
180,7VqG0lxdQv,Sandra Starke,1993-07-31,Germany,MF,AM,,,2023,5.0,5.0,,nwsl
181,7VqG0WeYQv,Giovanna DeMarco,1999-07-09,USA,MF,AM,,,2023,5.0,7.0,,nwsl
182,7VqG3gWeqv,Sydney Cummings,1999-03-05,Guyana,,,,,{},,,,nwsl
183,7VqGj8N65v,Bianca Henninger,1990-10-22,Mexico,GK,GK,,,2016,5.0,6.0,,nwsl
184,7VqGj8wd5v,Jessie Scarpa,1996-05-17,USA,FW,ST,,W,2020,5.0,7.0,,nwsl
185,7VqGjEoj5v,Nikki Stanton,1990-10-26,USA,MF,DM,,,"['2016', '2017', '2018', '2019', '2021', '2022', '2023', '2024']",5.0,7.0,,nwsl
186,7VqGjK3A5v,Ashley Hatch,1995-05-25,USA,FW,ST,,,"['2017', '2018', '2019', '2020', '2021', '2022', '2023', '2024']",5.0,9.0,,nwsl
187,7VqGjo7z5v,Bianca Brinson,1992-11-13,USA,,,,,{},5.0,1.0,,nwsl
188,7VqGjobW5v,Gunnhildur Jonsdottir,1988-09-28,Iceland,MF,DM,,,"['2018', '2019', '2020', '2021', '2022']",5.0,5.0,,nwsl
189,7VqGjoY35v,Brianna Martínez,2000-04-22,USA,DF,FB,,,"['2023', '2024']",5.0,6.0,,nwsl
190,7VqGjVXY5v,Maddie Bauer,1995-03-20,USA,DF,CB,MF,DM,"['2017', '2018']",5.0,8.0,,nwsl
191,7VqGjXpX5v,Kailen Sheridan,1995-07-16,Canada,GK,GK,,,"['2017', '2018', '2019', '2020', '2021', '2022', '2023', '2024']",5.0,9.0,,nwsl
192,7VqGjYPj5v,Jessie Fleming,1998-03-11,Canada,MF,CM,,,2024,5.0,3.0,,nwsl
193,7VqGjZWW5v,Sinead Farrelly,1989-11-16,USA,MF,CM,,,2023,5.0,4.0,,nwsl
194,7VqGLW0xQv,Chloe Ricketts,2007-05-23,USA,MF,AM,,CM,"['2023', '2024']",,,,nwsl
195,7VqGLWJdQv,Clara Robbins,1998-12-09,USA,MF,CM,,,2023,5.0,7.0,,nwsl
196,7VqGm02dMv,Alex Morgan,1989-07-02,USA,FW,ST,,,"['2016', '2017', '2018', '2019', '2021', '2022', '2023', '2024']",5.0,7.0,,nwsl
197,7VqGm33XMv,Caitlin Foord,1994-11-11,Australia,FW,ST,,,"['2018', '2019']",5.0,7.0,130.0,nwsl
198,7VqGm3jYMv,Ellie Brush,1988-08-19,Australia,DF,CB,,,2016,5.0,5.0,130.0,nwsl
199,7VqGm3O6Mv,Sofia Jakobsson,1990-04-23,Sweden,MF,W,,,"['2022', '2023', '2024']",5.0,9.0,135.0,nwsl
200,7VqGm3RzMv,Natasha Kai,1983-05-22,USA,FW,ST,,,"['2016', '2017']",5.0,8.0,,nwsl
201,9vQ2220eQK,Angela Salem,1988-07-24,USA,MF,DM,,,"['2016', '2017', '2018', '2019', '2020', '2021']",5.0,5.0,119.0,nwsl
202,9vQ222oeQK,Hayley Raso,1994-09-05,Australia,MF,W,,,"['2016', '2017', '2018', '2019']",5.0,4.0,,nwsl
203,9vQ22aGxQK,Julie Ertz,1992-04-06,USA,DF,CB,MF,DM,"['2016', '2017', '2018', '2019', '2020', '2021', '2023']",5.0,7.0,135.0,nwsl
204,9vQ22eXYQK,Meg Morris,1992-05-11,USA,DF,FB,MF,W,"['2016', '2017']",5.0,2.0,,nwsl
205,9vQ22Km7QK,Kaitlyn Torpey,2000-03-17,Australia,DF,FB,,,2024,5.0,6.0,,nwsl
206,9vQ22xyLQK,Aubrey Kingsbury,1991-11-20,USA,GK,GK,,,"['2016', '2017', '2018', '2019', '2020', '2021', '2022', '2023', '2024']",5.0,9.0,,nwsl
207,9vQ2d4jx5K,Sophie Schmidt,1988-06-28,Canada,MF,DM,,,"['2019', '2020', '2021', '2022', '2023', '2024']",5.0,8.0,157.0,nwsl
208,9vQ2d8nx5K,Mollie Pathman,1992-07-01,USA,DF,FB,,,2016,5.0,4.0,,nwsl
209,9vQ2dnK95K,Yuki Nagasato,1987-07-15,Japan,MF,W,,,"['2017', '2018', '2019', '2020', '2021', '2022', '2023', '2024']",5.0,6.0,132.0,nwsl
210,9vQ2dZ695K,Hope Solo,1981-07-30,USA,GK,GK,,,2016,5.0,9.0,,nwsl
211,9vQ2NNoeQK,Isabel Dehakiz,2000-07-19,Colombia,,,,,{},5.0,5.0,,nwsl
212,9vQ2Z1x7QK,Ryan Torrero,1990-09-01,Chile,,,,,{},5.0,9.0,141.0,nwsl
213,9vQ2Z7baQK,Brooke Hendrix,1993-05-06,USA,DF,CB,,,"['2020', '2021']",5.0,11.0,,nwsl
214,9vQ2Z9V7QK,Valérie Gauvin,1996-06-01,France,FW,ST,,,2022,5.0,8.0,,nwsl
215,9vQ2ZedoQK,Mandy Haught,1998-11-03,USA,GK,GK,,,"['2021', '2023', '2024']",5.0,9.0,,nwsl
216,9vQ2ZkJmQK,Vanessa Kara,1996-11-27,USA,MF,W,,,2021,5.0,4.0,,nwsl
217,9vQ2Zy9LQK,Gabby Seiler,1994-09-14,USA,MF,CM,,DM,"['2019', '2020', '2021']",5.0,5.0,,nwsl
218,9Yqd63z7Mv,Mal Swanson,1998-04-29,USA,FW,W,MF,W,"['2017', '2018', '2019', '2020', '2021', '2022', '2023', '2024']",5.0,4.0,119.0,nwsl
219,9Yqd6bA7Mv,Kristen Hamilton,1992-04-17,USA,FW,ST,,,"['2016', '2017', '2018', '2019', '2020', '2021', '2022', '2023', '2024']",5.0,4.0,,nwsl
220,9Yqd6bg7Mv,Brittany Kolmel,1987-09-18,USA,DF,FB,,,"['2016', '2017']",5.0,8.0,,nwsl
221,9Yqd6LYoMv,Jéssica Silva,1994-12-11,Portugal,FW,W,,,2021,5.0,7.0,119.0,nwsl
222,9Yqd6PL7Mv,Lindsey Horan,1994-05-26,USA,MF,CM,,DM,"['2016', '2017', '2018', '2019', '2020', '2021']",5.0,9.0,168.0,nwsl
223,9Yqdkgdm5v,Denise O'Sullivan,1994-02-04,Republic of Ireland,MF,DM,,CM,"['2016', '2017', '2018', '2019', '2020', '2021', '2022', '2023', '2024']",5.0,4.0,,nwsl
224,9YqdkwPR5v,Lianne Sanderson,1988-02-03,England,MF,AM,,,2016,5.0,8.0,,nwsl
225,9Yqdog7k5v,Simone Charley,1995-02-04,USA,FW,ST,,,"['2019', '2020', '2021', '2022', '2023']",5.0,8.0,,nwsl
226,9YqdoLJE5v,Bianca St. Georges,1997-07-28,Canada,DF,FB,,,"['2020', '2021', '2022', '2023', '2024']",5.0,6.0,,nwsl
227,9YqdoxJm5v,Penelope Hocking,1999-12-29,USA,MF,W,,,"['2023', '2024']",5.0,5.0,,nwsl
228,9YqdoyGO5v,Brianna Visalli,1995-04-17,USA,FW,W,,,"['2020', '2021', '2022']",5.0,2.0,,nwsl
229,9YqdoYPo5v,Sophie Jones,2001-07-17,USA,MF,CM,,,2023,5.0,5.0,,nwsl
230,9Yqdozxk5v,Maya McCutcheon,2002-04-12,USA,,,,,{},,,,nwsl
231,9YqdoZzk5v,Olivia Wade,1999-12-28,USA,MF,DM,,,2024,,,,nwsl
232,9Yqdw4ko5v,Zoe Burns,2002-01-05,Canada,MF,DM,,,2024,5.0,2.0,,nwsl
233,9YqdwJ8R5v,Tess Boade,1999-02-03,USA,FW,ST,,,"['2022', '2023', '2024']",,,,nwsl
234,9z5k33xJ5A,Cosette Morche,1997-06-09,USA,,,,,{},,,,nwsl
235,9z5k730a5A,Ji So-Yun,1991-02-21,South Korea,MF,AM,,,2024,5.0,3.0,,nwsl
236,9z5k7azJ5A,Maya Hayes,1992-03-26,USA,FW,ST,,,"['2016', '2017']",,,,nwsl
237,9z5k7ENJ5A,Kiara Pickett,1999-04-30,USA,DF,FB,,,"['2021', '2022', '2023', '2024']",5.0,0.0,,nwsl
238,9z5k7G0J5A,Kelly Conheeney,1991-01-24,USA,FW,ST,MF,CM,2016,,,,nwsl
239,9z5k7G3l5A,Rachel Wood,1990-05-10,USA,MF,DM,DF,CB,2016,6.0,0.0,,nwsl
240,9z5k7GpK5A,Alli Murphy,1994-05-13,Republic of Ireland,DF,FB,,,2018,5.0,3.0,,nwsl
241,9z5k7GVJ5A,Melissa Henderson,1989-08-23,USA,FW,W,,,"['2016', '2017']",,,,nwsl
242,9z5k7k7d5A,Shea Groom,1993-03-04,USA,MF,CM,,,"['2016', '2017', '2018', '2019', '2020', '2021', '2022', '2023', '2024']",5.0,6.0,,nwsl
243,9z5k7NAP5A,Becca Moros,1985-05-06,USA,DF,FB,,,"['2016', '2017', '2018', '2019']",5.0,5.0,,nwsl
244,9z5k7P4g5A,Alyssa Naeher,1988-04-20,USA,GK,GK,,,"['2016', '2017', '2018', '2019', '2020', '2021', '2022', '2023', '2024']",5.0,9.0,152.0,nwsl
245,9z5k7pPJ5A,Ariana Calderón,1990-05-12,Mexico,FW,ST,,,2019,5.0,5.0,,nwsl
246,9z5k7wOP5A,Parker Goins,1998-12-08,USA,FW,ST,MF,W,"['2022', '2023', '2024']",5.0,10.0,,nwsl
247,9z5ka3RKQA,Rosie White,1993-06-06,New Zealand,MF,CM,,,"['2017', '2018', '2019', '2020', '2021']",5.0,5.0,139.0,nwsl
248,9z5kaPweQA,Bruna Benites,1985-10-16,Brazil,DF,CB,,,2017,5.0,5.0,,nwsl
249,9z5kbD6aMA,Eliza Bona,,USA,FW,ST,,,2018,,,,nwsl
250,9z5kbv7KMA,Isabella Obaze,2002-10-30,Denmark,DF,CB,,,2024,5.0,10.0,,nwsl
251,9z5kbV9lMA,Imani Dorsey,1996-03-21,USA,DF,FB,,,"['2018', '2019', '2020', '2021', '2022', '2024']",5.0,7.0,,nwsl
252,9z5kbvLaMA,Kelsey Dossey,1996-07-13,USA,,,,,{},,,,nwsl
253,9z5kWAOe5A,Sami Feller,,USA,DF,CB,,,2023,5.0,10.0,,nwsl
254,9z5kWjNj5A,Madeline Moreau,2000-12-05,USA,,,,,{},5.0,1.0,,nwsl
255,a35rB2n25L,Kelly Rowswell,1998-01-28,USA,,,,,{},,,,nwsl
256,a35rK2K2qL,Cheyna Matthews,1993-11-10,Jamaica,MF,W,FW,ST,"['2016', '2017', '2019', '2021', '2023']",5.0,9.0,,nwsl
257,a35rK9a2qL,Anna Gilbertson,,Costa Rica,,,,,{},,,,nwsl
258,a35rKEnoqL,Taryn Torres,1999-04-23,USA,MF,DM,,,"['2022', '2024']",5.0,6.0,,nwsl
259,a35rKl1bqL,Claire Winter,,USA,,,,,{},,,,nwsl
260,a35rKl3oqL,Mallory Weber,1994-04-04,USA,DF,FB,,,"['2016', '2017', '2018', '2019', '2020', '2021', '2022', '2023']",5.0,6.0,,nwsl
261,a35rKneLqL,CoCo Goodson,1990-06-19,USA,DF,CB,,,2016,,,,nwsl
262,a35rKoNwqL,Kaiya McCullough,1998-05-29,USA,,,,,{},5.0,8.0,,nwsl
263,a35rKRboqL,Zsanett Kajan,1997-09-16,Hungary,,,,,{},,,,nwsl
264,a35rKY7oqL,Catherine Parkhill,1990-05-27,,,,,,{},,,,nwsl
265,a35rKYzoqL,Cali Farquharson,1993-12-17,USA,MF,W,,,"['2016', '2017', '2018', '2019', '2022']",5.0,7.0,,nwsl
266,a35rlBbBQL,Monica Alvarado,1991-01-11,Mexico,,,,,{},5.0,5.0,,nwsl
267,a35ry6BLML,Allyson Sentnor,2004-02-18,USA,FW,W,MF,W,2024,5.0,4.0,,nwsl
268,a35ryBJwML,Kalyssa Van Zanten,2001-08-25,Jamaica,DF,FB,,,2024,5.0,1.0,132.0,nwsl
269,a35ryBRGML,Zaneta Wyne,1990-08-03,USA,DF,FB,,,"['2022', '2023']",5.0,6.0,130.0,nwsl
270,a35ryeZLML,Veronica Latsko,1995-12-12,USA,MF,W,FW,ST,"['2018', '2019', '2020', '2021', '2022', '2023', '2024']",5.0,8.0,,nwsl
271,a35ryrgKML,Nicole Payne,2001-01-18,Nigeria,DF,FB,,,2024,5.0,5.0,,nwsl
272,a35ryvOKML,Peyton Perea,1997-03-28,USA,MF,CM,,,2020,5.0,8.0,,nwsl
273,aDQ0aNglME,Ashlyn Harris,1985-10-19,USA,GK,GK,,,"['2016', '2017', '2018', '2019', '2020', '2021', '2022']",5.0,9.0,146.0,nwsl
274,aDQ0aplvME,Ana Maria Crnogorcevic,1990-10-03,Switzerland,FW,ST,MF,W,"['2018', '2019']",5.0,9.0,143.0,nwsl
275,aDQ0l9YvQE,Maia Pérez,,USA,,,,,{},,,,nwsl
276,aDQ0lPXGQE,Mikaela Howell,,England,DF,FB,,,2020,,,,nwsl
277,aDQ0Nbav5E,Jorian Baucom,,USA,FW,ST,,,"['2021', '2022']",,,,nwsl
278,aDQ0ND9G5E,Ally Haran,1996-05-21,Canada,DF,FB,,,"['2020', '2021']",5.0,9.0,,nwsl
279,aDQ0NDgR5E,Emina Ekic,1999-06-06,USA,MF,W,,,"['2021', '2022', '2023']",5.0,4.0,,nwsl
280,aDQ0Neav5E,Julia Bingham,1998-05-25,USA,DF,FB,,,2020,,,,nwsl
281,aDQ0NLmE5E,Croix Bethune,2001-03-14,USA,MF,AM,,,2024,5.0,3.0,,nwsl
282,aDQ0Nv325E,Lauren Costa,2002-09-13,Brazil,DF,CB,,,2023,5.0,10.0,143.0,nwsl
283,aDQ0NWGP5E,Katy Byrne,1996-10-21,USA,,,,,{},5.0,5.0,,nwsl
284,aDQ0NXov5E,Haley Bugeja,2004-05-05,Malta,MF,W,FW,ST,"['2022', '2023']",,,,nwsl
285,aDQ0NYeB5E,Lysianne Proulx,1999-04-17,Canada,GK,GK,,,2024,5.0,7.0,139.0,nwsl
286,aDQ0P8BRQE,Savannah Jordan,1995-01-24,USA,FW,ST,,,"['2017', '2018']",5.0,7.0,,nwsl
287,aDQ0PeEBQE,Ashley Nick,1987-10-27,USA,MF,CM,,,2016,,,,nwsl
288,aDQ0PLRpQE,Mimmi Larsson,1994-04-09,Sweden,FW,ST,,,2023,5.0,6.0,143.0,nwsl
289,aDQ0PPgWQE,Clarisse Le Bihan,1994-12-14,France,FW,ST,MF,AM,"['2022', '2023', '2024']",5.0,8.0,,nwsl
290,aDQ0PXxpQE,Michele Dalton,1988-11-05,USA,GK,GK,,,"['2016', '2017']",,,,nwsl
291,aDQ0PXyGQE,Kaitlyn Savage,1990-10-27,USA,GK,GK,,,2016,,,,nwsl
292,aDQ0x3YEQE,Hannah Anderson,,USA,,,,,{},,,,nwsl
293,aDQ0xDDPQE,Ally Cook,,USA,FW,ST,,,2024,,,,nwsl
294,BLMv601AMx,Savannah Uveges,,USA,MF,W,,,2020,,,,nwsl
295,BLMv77ZR5x,Jordan Brewster,1999-09-27,USA,,,,,{},5.0,9.0,,nwsl
296,BLMv78mR5x,Hina Sugita,1997-01-31,Japan,MF,CM,,,"['2022', '2023', '2024']",5.0,4.0,117.0,nwsl
297,BLMv7jlj5x,Alison Jahansouz,1996-12-29,USA,,,,,{},5.0,10.0,,nwsl
298,BLMv7Klj5x,Isabel Rodriguez,1999-04-13,USA,DF,FB,,,"['2022', '2023', '2024']",5.0,4.0,,nwsl
299,BLMvkAnB5x,Mille Jensen,1999-09-23,Denmark,MF,W,,,2023,,,,nwsl
300,BLMvl6k7qx,Stephanie Labbé,1986-10-10,Canada,GK,GK,,,"['2016', '2017', '2019', '2020']",5.0,10.0,139.0,nwsl
301,BLMvl7ABqx,Yael Averbuch,1986-11-03,USA,DF,CB,,,"['2016', '2017', '2018']",5.0,10.0,150.0,nwsl
302,BLMvrenOMx,McKinley Crone,1998-10-20,USA,,,,,{},,,,nwsl
303,BLMvrGGOMx,Landy Mertz,2000-07-19,USA,,,,,{},,,,nwsl
304,BLMvrre7Mx,Riley Tanner,1999-10-15,Panama,DF,FB,MF,CM,2023,,,,nwsl
305,BLMvz047Mx,Alyssa Kleiner,1993-04-01,USA,DF,FB,,,"['2016', '2017', '2018']",5.0,9.0,,nwsl
306,BLMvzAG7Mx,Elizabeth Addo,1993-09-01,Ghana,FW,W,,,2018,5.0,4.0,,nwsl
307,BLMvzAX3Mx,Nickolette Driesse,1994-11-08,USA,MF,W,FW,ST,"['2017', '2018']",,,,nwsl
308,BLMvzE4WMx,Shannon Horgan,1996-02-01,USA,,,,,{},5.0,5.0,,nwsl
309,BLMvzNdBMx,Michelle Cruz,1992-05-14,USA,MF,W,,,2016,5.0,6.0,,nwsl
310,BLMvzNvlMx,Sierra Lelii,,USA,,,,,{},5.0,7.0,,nwsl
311,BLMvzrdlMx,Morgan Andrews,1995-03-25,USA,MF,CM,,DM,"['2017', '2018', '2019', '2020']",5.0,9.0,,nwsl
312,BLMvzVyXMx,Samantha Coffey,1998-12-31,USA,MF,DM,,,"['2022', '2023', '2024']",5.0,5.0,,nwsl
313,e7Mz9JKeQr,Carli Lloyd,1982-07-16,USA,FW,ST,,,"['2016', '2017', '2018', '2019', '2021']",5.0,8.0,,nwsl
314,e7Mz9KJJQr,Theresa Eslund,1986-07-20,Denmark,DF,FB,,,"['2018', '2019']",5.0,6.0,,nwsl
315,e7MzAKROQr,Lily Woodham,2000-09-03,Wales,DF,FB,,,2024,5.0,3.0,,nwsl
316,e7MzJbOeMr,Cristina Roque,2001-11-06,Puerto Rico,,,,,{},,,,nwsl
317,e7MzJJDXMr,Emily Gray,2000-10-05,USA,MF,CM,,,2022,,,,nwsl
318,e7MzJKkOMr,Averie Collins,1997-03-03,USA,FW,ST,,,"['2020', '2022']",5.0,11.0,,nwsl
319,e7MzJRO7Mr,Delanie Sheehan,1999-01-13,USA,MF,CM,,,"['2021', '2022', '2023', '2024']",,,,nwsl
320,e7Mzl1vJqr,Allie Wisner,1990-10-12,USA,,,,,{},5.0,7.0,,nwsl
321,e7Mzl1Z6qr,Kassey Kallman,1992-05-06,USA,DF,CB,,FB,"['2016', '2017']",5.0,8.0,,nwsl
322,e7MzlELeqr,Tegan McGrady,1997-10-11,USA,DF,FB,,,"['2019', '2020', '2021', '2022', '2023']",5.0,6.0,,nwsl
323,e7MzlGkjqr,Jen Hoy,1991-01-18,USA,FW,ST,,,"['2016', '2017', '2018', '2019']",5.0,5.0,,nwsl
324,e7Mzllbeqr,Samantha Witteman,1994-02-26,USA,DF,FB,MF,W,"['2016', '2017']",,,,nwsl
325,e7MzlyXGqr,Thembi Kgatlana,1996-05-02,South Africa,FW,W,MF,W,"['2018', '2023']",5.0,1.0,110.0,nwsl
326,e7Mzlyyeqr,Ella Stevens,1997-12-11,USA,FW,ST,,,"['2020', '2021', '2022', '2023', '2024']",,,,nwsl
327,EGMPlAeyMa,Rachel Corsie,1989-08-17,Scotland,DF,CB,,,"['2016', '2017', '2018', '2019', '2020', '2021']",5.0,9.0,,nwsl
328,EGMPlJ8VMa,Whitney Engen,1987-11-28,USA,DF,CB,,,2016,5.0,7.0,143.0,nwsl
329,EGMPlrnyMa,Lady Andrade,1992-01-10,Colombia,MF,CM,,,2016,5.0,7.0,137.0,nwsl
330,EGMPlRrrMa,Emilie Haavi,1992-06-16,Norway,FW,W,MF,W,2017,5.0,5.0,,nwsl
331,EGMPn0zxqa,Zoe Morse,1998-04-01,USA,DF,CB,,,"['2020', '2021', '2022']",5.0,7.0,,nwsl
332,EGMPn76xqa,Kate Scheel,1994-08-06,USA,,,,,{},,,,nwsl
333,EGMPn7Dxqa,Catherine Zimmerman,1995-01-15,USA,MF,W,,,2016,,,,nwsl
334,EGMPn8O3qa,Janice Cayman,1988-10-12,Belgium,DF,FB,,,2016,,,,nwsl
335,EGMPnK94qa,Hayley Dowd,1994-09-07,USA,MF,W,,,2017,,,,nwsl
336,EGMPnKgxqa,María Sánchez,1996-02-20,Mexico,MF,W,FW,W,"['2019', '2021', '2022', '2023', '2024']",5.0,5.0,,nwsl
337,EGMPnYB4qa,Meleana Shim,1991-09-25,USA,MF,DM,,,"['2016', '2017', '2018', '2023']",5.0,4.0,,nwsl
338,EGMPnZPjqa,Quinn,1995-08-11,Canada,MF,DM,,,"['2018', '2019', '2020', '2021', '2022', '2023', '2024']",5.0,9.0,146.0,nwsl
339,EGMPR9DVqa,Mikenna McManus,1999-07-26,USA,DF,FB,,,2022,,,,nwsl
340,EGMPrB60qa,Mackenzie Pluck,2000-04-12,USA,MF,W,,,2023,,,,nwsl
341,EGMPrO6rqa,Princess Marfo,2003-10-02,Ghana,FW,W,,,2024,,,,nwsl
342,EGMPRWj4qa,Paulina Gramaglia,2003-03-21,Argentina,MF,DM,,,2022,,,,nwsl
343,EGMPRz6kqa,Amanda Allen,2005-02-21,Canada,MF,W,,,"['2023', '2024']",5.0,4.0,,nwsl
344,EGMPZ1x3qa,Cassidy Benintente,1994-06-12,USA,DF,FB,,,2017,5.0,2.0,,nwsl
345,EGMPZ6Zxqa,Michele Vasconcelos,1994-05-11,USA,MF,W,FW,W,"['2018', '2019', '2020', '2021', '2022', '2023', '2024']",5.0,5.0,,nwsl
346,EGMPZanrqa,Alyssa Malonson,1999-04-09,USA,DF,FB,,,"['2023', '2024']",,,,nwsl
347,EGMPZBdjqa,Nádia Gomes,1996-11-09,Portugal,MF,W,,,2024,5.0,5.0,,nwsl
348,eV5D022O5K,Manon Melis,1986-08-31,Netherlands,FW,ST,,,2016,5.0,5.0,,nwsl
349,eV5D27XYQK,Croix Soto,,USA,DF,CB,,,"['2023', '2024']",5.0,10.0,,nwsl
350,eV5D2w7JQK,Jyllissa Harris,2000-04-08,USA,DF,CB,,,"['2023', '2024']",5.0,8.0,,nwsl
351,eV5Dk4j9MK,,,,,,,,{},,,,nwsl
352,eV5DkJZAMK,Sarah Griffith,1999-08-10,USA,FW,W,,,"['2022', '2023', '2024']",,,,nwsl
353,eV5DklVaMK,Sarah Sodoma,1998-09-04,USA,,,,,{},,,,nwsl
354,eV5DL1R95K,Alexa Spaanstra,2000-02-01,USA,MF,W,FW,W,"['2023', '2024']",5.0,5.0,,nwsl
355,eV5DLE8Z5K,Ellie Carpenter,2000-04-28,Australia,DF,FB,,,"['2018', '2019']",5.0,5.0,132.0,nwsl
356,eV5DLEjY5K,Brooke Elby,1993-05-24,USA,DF,FB,,,"['2016', '2017', '2018', '2019']",5.0,4.0,,nwsl
357,eV5DLgAm5K,Samantha Johnson,1991-06-10,USA,DF,CB,,,"['2016', '2017', '2018', '2019']",5.0,5.0,,nwsl
358,eV5DLK7A5K,Kealia Watt,1992-01-31,USA,MF,W,,,"['2016', '2017', '2018', '2019', '2020', '2021']",5.0,5.0,,nwsl
359,eV5DLm3J5K,Felicitas Rauch,1996-04-30,Germany,DF,FB,,,2024,5.0,6.0,128.0,nwsl
360,eV5DLY795K,Tiffany McCarty,1990-12-14,USA,MF,W,,,"['2016', '2018', '2019']",5.0,4.0,,nwsl
361,eV5DLYZ95K,Estefanía Banini,1990-06-21,Argentina,MF,W,,,"['2016', '2017', '2018']",5.0,4.0,,nwsl
362,eV5Dz11YQK,Courtney Talbot,2000-11-25,USA,MF,W,,,2024,5.0,4.0,,nwsl
363,eV5Dz239QK,Gabi,1994-04-26,Brazil,MF,CM,,,2019,5.0,6.0,,nwsl
364,eV5DzaEmQK,Angelina Anderson,2001-03-22,USA,GK,GK,,,"['2023', '2024']",5.0,11.0,,nwsl
365,eV5DzeXAQK,Riley Jackson,2005-12-02,USA,MF,CM,,,2024,5.0,8.0,126.0,nwsl
366,eV5DzkDJQK,Samantha Meza,2001-11-07,USA,,,,,{},5.0,2.0,,nwsl
367,eV5Dzp7nQK,Marisa Viggiano,1997-02-05,USA,MF,CM,,DM,"['2019', '2020', '2021', '2022', '2023', '2024']",5.0,4.0,,nwsl
368,eV5DzpYYQK,Alexa Kimball,1995-09-21,USA,,,,,{},5.0,7.0,126.0,nwsl
369,eV5DzwJJQK,Chardonnay Curran,1999-09-27,USA,MF,CM,,,"['2022', '2023']",,,,nwsl
370,eV5DzwxEQK,Abby Elinsky,1996-01-08,USA,FW,ST,,,"['2018', '2019', '2020']",5.0,9.0,110.0,nwsl
371,eVq32V2v5W,Crystal Thomas,1994-01-18,USA,MF,W,,,"['2017', '2019', '2020', '2021']",5.0,4.0,,nwsl
372,eVq3axOvMW,Kelley O'Hara,1988-08-04,USA,DF,FB,,,"['2016', '2017', '2018', '2019', '2020', '2021', '2022', '2023', '2024']",5.0,5.0,128.0,nwsl
373,eVq3ay46MW,Katie Bowen,1994-04-15,New Zealand,DF,FB,,,"['2016', '2017', '2018', '2019', '2020', '2021', '2022']",5.0,7.0,123.0,nwsl
374,eVq3ayjwMW,Lydia Williams,1988-05-13,Australia,GK,GK,,,"['2016', '2017', '2018', '2019']",5.0,9.0,139.0,nwsl
375,eVq3j01X5W,Maureen Fitzgerald,,USA,MF,W,,AM,2016,5.0,3.0,,nwsl
376,eVq3j0y65W,Kristie Mewis,1991-02-25,USA,MF,CM,,,"['2016', '2017', '2018', '2019', '2020', '2021', '2022', '2023']",5.0,7.0,141.0,nwsl
377,eVq3ja3g5W,Katelyn Rowland,1994-03-16,USA,GK,GK,,,"['2016', '2017', '2018', '2019', '2020', '2021', '2022', '2023', '2024']",5.0,11.0,,nwsl
378,eVq3jbPg5W,Tyler Lussi,1995-01-26,USA,MF,W,,,"['2017', '2018', '2019', '2020', '2021', '2022', '2023', '2024']",5.0,7.0,,nwsl
379,eVq3jrvw5W,Wang Shuang,1995-01-23,China,FW,W,,,"['2022', '2023']",5.0,5.0,,nwsl
380,eVq3jWNv5W,Jordan Baggett,1996-10-28,USA,MF,CM,,,"['2019', '2020', '2021', '2022', '2023', '2024']",5.0,6.0,,nwsl
381,eVq3jWwG5W,Sabrina D'Angelo,1993-05-11,Canada,GK,GK,,,"['2016', '2017', '2018']",5.0,8.0,150.0,nwsl
382,eVq3jxzD5W,Ouleymata Sarr,1995-10-08,France,MF,W,,,"['2023', '2024']",5.0,9.0,,nwsl
383,eVq3r30j5W,,,,,,,,{},,,,nwsl
384,eVq3r4VV5W,Phair Casey Yu-Jin,2007-06-29,South Korea,,,,,{},5.0,10.0,150.0,nwsl
385,eVq3rlb65W,Hal Hershfelt,2002-10-03,USA,MF,DM,,,2024,5.0,8.0,,nwsl
386,eVq3rXxv5W,Brenna Lovera,1997-03-12,USA,FW,ST,,,2023,5.0,8.0,,nwsl
387,eVq3x4bgQW,Schuyler DeBree,1996-09-05,USA,DF,CB,,,2021,5.0,8.0,,nwsl
388,eVq3xd6XQW,Julie Doyle,1996-12-31,USA,MF,DM,,,2019,5.0,10.0,,nwsl
389,eVq3xlKGQW,Shae Yanez,1997-05-22,USA,GK,GK,,,"['2019', '2023']",5.0,8.0,,nwsl
390,eVq3xoZDQW,Mariana Larroquette,1992-10-24,Argentina,FW,ST,,,"['2021', '2023', '2024']",5.0,3.0,128.0,nwsl
391,eVq3xp1GQW,Jamie Gillis,1988-05-25,USA,,,,,{},,,,nwsl
392,eVq3xvJGQW,Bruninha,2002-06-16,Brazil,DF,FB,,,"['2022', '2023', '2024']",5.0,3.0,143.0,nwsl
393,eVq3xWNwQW,Hannah Davison,1997-04-09,USA,DF,CB,,,2020,5.0,8.0,,nwsl
394,eVq3xXGgQW,,,,,,,,{},,,,nwsl
395,eVq3xy8wQW,Julia Roddar,1992-02-16,Sweden,MF,DM,DF,FB,"['2021', '2022']",5.0,6.0,132.0,nwsl
396,eVq3y1GwMW,Mariana Speckmaier,1997-12-26,Venezuela,MF,W,FW,W,"['2021', '2023']",5.0,5.0,,nwsl
397,eVq3y1NgMW,Amber Marshall,,USA,MF,CM,,,2021,,,,nwsl
398,eVq3y7KnMW,Annika Creel,1997-07-14,USA,,,,,{},,,,nwsl
399,eVq3yAovMW,Tristin Stuteville,,,,,,,{},5.0,6.0,,nwsl
400,eVq3yWJgMW,Kelly Ann Livingstone,1998-11-24,USA,DF,CB,,,2022,,,,nwsl
401,eVq3ywVGMW,Kaylie Collins,1998-05-17,USA,GK,GK,,,"['2022', '2023']",,,,nwsl
402,eVq3yyanMW,Freja Olofsson,1998-05-24,Sweden,MF,DM,,,"['2021', '2022']",,,,nwsl
403,eVq3yzXDMW,Cheyenne Shorts,,,DF,CB,,,"['2022', '2023']",,,,nwsl
404,gjMN6dzBMK,Cyera Hintzen,1997-10-28,USA,MF,CM,FW,W,2023,5.0,5.0,,nwsl
405,gjMN6KX0MK,Kayla Hamric,1998-12-08,Canada,,,,,{},5.0,6.0,,nwsl
406,gjMN6mz3MK,Hannah Adler,1998-01-23,USA,,,,,{},,,,nwsl
407,gjMN6nOpMK,Kim Hazlett,,USA,DF,FB,,,2020,,,,nwsl
408,gjMN6ol0MK,Jillienne Aguilera,,USA,DF,FB,,,"['2022', '2023']",,,,nwsl
409,gjMN6vA0MK,Aerial Chavarin,,USA,MF,DM,,,2020,,,,nwsl
410,gjMN7bAK5K,McKenzie Weinert,,USA,MF,W,,,2023,,,,nwsl
411,gjMN7GgY5K,Temwa Chawinga,1998-09-20,Malawi,MF,W,,,2024,5.0,8.0,,nwsl
412,gjMNjpVpMK,Gaby Vincent,1997-12-07,USA,MF,DM,DF,CB,"['2019', '2020', '2021', '2022']",5.0,8.0,,nwsl
413,gjMNjwJkMK,Sarah Shimer,,USA,,,,,{},5.0,7.0,,nwsl
414,gjMNR1gvMK,Claire Lavogez,1994-06-18,France,FW,ST,MF,CM,"['2022', '2023', '2024']",5.0,8.0,139.0,nwsl
415,gjMNRAm4MK,Ebony Salmon,2001-01-27,England,FW,ST,,,"['2021', '2022', '2023']",,,,nwsl
416,gjMNRdRDMK,Stephanie McCaffrey,1993-02-18,USA,FW,ST,,,"['2016', '2017', '2018']",5.0,6.0,,nwsl
417,gjMNRDxDMK,Andi Sullivan,1995-12-20,USA,MF,DM,,,"['2018', '2019', '2020', '2021', '2022', '2023', '2024']",5.0,7.0,,nwsl
418,gjMNRDZYMK,Katherine Reynolds,1987-09-14,USA,DF,CB,,FB,"['2016', '2017', '2018', '2019', '2020']",5.0,8.0,,nwsl
419,gjMNRNg3MK,Caroline Van Slambrouck,1992-09-28,USA,,,,,{},5.0,10.0,,nwsl
420,gjMNRNl3MK,Dijana Haracic,1992-04-12,Bosnia and Herzegovina,GK,GK,,,"['2017', '2018', '2019', '2020', '2021', '2022', '2023', '2024']",5.0,9.0,,nwsl
421,gjMNRyokMK,Michaela Hahn,1994-04-19,USA,MF,CM,,DM,2016,5.0,4.0,,nwsl
422,gjMNv6j4MK,Amandine Henry,1989-09-28,France,MF,DM,,CM,"['2016', '2017', '2023', '2024']",5.0,7.0,141.0,nwsl
423,gOMn2eV6Mw,Mandy Freeman,1995-03-23,USA,DF,CB,,,"['2017', '2018', '2020', '2021', '2022', '2023']",5.0,8.0,,nwsl
424,gOMn6X8BMw,Emily Sonnett,1993-11-25,USA,DF,CB,,,"['2016', '2017', '2018', '2019', '2021', '2022', '2023', '2024']",5.0,7.0,,nwsl
425,gOMn6Yd6Mw,Rumi Utsugi,1988-12-05,Japan,MF,DM,,CM,"['2016', '2017', '2018', '2019']",5.0,6.0,139.0,nwsl
426,gOMnlaKJqw,Chelsie Dawber,2000-01-12,Australia,FW,ST,,,2022,,,,nwsl
427,gOMnljxOqw,Machaela George,,USA,DF,FB,,,2021,5.0,7.0,,nwsl
428,gOMnlVG8qw,Morgan Weaver,1997-10-18,USA,FW,W,,ST,"['2020', '2021', '2022', '2023', '2024']",5.0,10.0,,nwsl
429,gOMnlyvBqw,Maliah Morris,2000-12-31,USA,MF,W,,,2023,5.0,5.0,,nwsl
430,gOMnR6AAMw,Vanessa DiBernardo,1992-05-15,USA,MF,AM,,CM,"['2016', '2017', '2018', '2019', '2020', '2021', '2022', '2023', '2024']",5.0,4.0,,nwsl
431,gOMnRAAJMw,Caroline Flynn,1994-02-28,USA,MF,W,,CM,2017,,,,nwsl
432,gOMnRbbAMw,Yuri Kawamura,1989-05-17,Japan,DF,CB,,,"['2017', '2018']",5.0,6.0,126.0,nwsl
433,gOMnRboOMw,Carson Pickett,1993-09-15,USA,DF,FB,,,"['2016', '2017', '2018', '2019', '2021', '2022', '2023', '2024']",5.0,8.0,,nwsl
434,gOMnRdyOMw,Allie Long,1987-08-13,USA,MF,DM,,,"['2016', '2017', '2018', '2019', '2020', '2021', '2023']",5.0,8.0,130.0,nwsl
435,gOMnREd8Mw,Jaelin Howell,1999-11-21,USA,MF,DM,,,"['2022', '2023', '2024']",5.0,8.0,,nwsl
436,gOMnREv8Mw,Amanda Dennis,1998-05-25,USA,GK,GK,,,2021,6.0,0.0,,nwsl
437,gOMnREWAMw,Taylor Otto,1997-10-23,USA,MF,DM,,,"['2021', '2022']",5.0,10.0,,nwsl
438,gOMnRnK8Mw,Caroline Casey,1994-05-27,USA,GK,GK,,,"['2016', '2017', '2018']",5.0,8.0,,nwsl
439,gOMnRnYmMw,Kylie Strom,1992-03-18,USA,DF,FB,,,"['2016', '2021', '2022', '2023', '2024']",5.0,8.0,,nwsl
440,gOMnRNZAMw,Emily Boyd,1996-07-25,USA,GK,GK,,,"['2018', '2019', '2020', '2021', '2022', '2023']",5.0,9.0,,nwsl
441,gOMnRrGBMw,Laura Liedle,1994-03-11,USA,,,,,{},5.0,5.0,,nwsl
442,gOMnY42OQw,Ryan Gareis,,USA,FW,W,,,"['2022', '2023']",,,,nwsl
443,gOMnYAkBQw,Hope Breslin,1999-03-10,USA,DF,FB,,,"['2022', '2023']",,,,nwsl
444,gOMnYAOxQw,Cameron Tucker,1999-07-15,USA,MF,W,,,"['2022', '2023', '2024']",,,,nwsl
445,gOMnYEXBQw,Ava Cook,2000-07-05,USA,FW,ST,,,"['2022', '2023', '2024']",,,,nwsl
446,gOMnYo8lQw,Taylor Hansen,,USA,DF,FB,,,2022,,,,nwsl
447,gOMnYXe6Qw,Amanda West,2001-02-11,Canada,FW,ST,,,2024,,,,nwsl
448,gpMOa0nlqz,Emily Fox,1998-07-05,USA,DF,FB,,,"['2021', '2022', '2023']",5.0,6.0,,nwsl
449,gpMOa13Oqz,Thaisa,1988-12-17,Brazil,MF,DM,,CM,2018,5.0,5.0,128.0,nwsl
450,gpMOaLbDqz,Cari Roccaro,1994-07-18,USA,MF,DM,,,"['2016', '2017', '2018', '2019', '2020', '2021', '2022', '2023', '2024']",5.0,6.0,,nwsl
451,gpMOapp1qz,Meggie Dougherty Howard,1995-07-27,USA,MF,CM,,DM,"['2017', '2018', '2019', '2020', '2021', '2022', '2023', '2024']",5.0,5.0,,nwsl
452,gpMOay2Dqz,Caroline Stanley,1993-03-16,USA,GK,GK,,,"['2016', '2017']",5.0,10.0,,nwsl
453,gpMOayenqz,Katie Schoepfer,1988-11-10,USA,MF,DM,,,2016,5.0,8.0,,nwsl
454,gpMOeGZrqz,Victoria Pickett,1996-08-12,Canada,MF,CM,,,"['2021', '2022', '2023', '2024']",,,,nwsl
455,gpMOekr2qz,Lily Nabet,,USA,MF,DM,,,"['2022', '2023', '2024']",5.0,3.0,,nwsl
456,gpMOep8Rqz,Marisa Bova,2000-06-09,USA,,,,,{},,,,nwsl
457,gpMOeRG2qz,Natalie Beckman,2000-03-25,USA,DF,FB,,,"['2022', '2023']",,,,nwsl
458,gpMOL3oy5z,Lyza Bosselmann,2001-07-27,USA,GK,GK,,,2024,,,,nwsl
459,gpMOo3K7Mz,Anna Heilferty,1999-04-17,USA,DF,FB,,,"['2021', '2022', '2024']",5.0,3.0,,nwsl
460,gpMOoD77Mz,Colette Smith,,USA,,,,,{},,,,nwsl
461,gpMOoG6nMz,Julia Ashley,1996-11-11,USA,DF,FB,,CB,"['2021', '2022']",5.0,8.0,,nwsl
462,gpMOoGgDMz,Samantha Staab,1997-03-28,USA,DF,CB,,,"['2019', '2020', '2021', '2022', '2023', '2024']",5.0,7.0,,nwsl
463,gpMOoJjEMz,Camryn Biegalski,1998-08-11,USA,DF,FB,,,"['2020', '2021', '2022', '2023']",,,,nwsl
464,gpMOol9nMz,Ally Lemos,2004-03-04,USA,MF,DM,,,2024,5.0,7.0,,nwsl
465,gpMOoXeOMz,Ashley Sanchez,1999-03-16,USA,MF,AM,,,"['2020', '2021', '2022', '2023', '2024']",5.0,4.0,,nwsl
466,gpMOzBW7Qz,Molly Menchel,1991-12-05,USA,DF,FB,,,2016,,,,nwsl
467,gpMOzddlQz,Rebekah Stott,1993-06-17,New Zealand,DF,FB,,CB,"['2017', '2018']",5.0,8.0,135.0,nwsl
468,gpMOzmn1Qz,Annaïg Butel,1992-02-15,France,DF,CB,,FB,"['2023', '2024']",5.0,6.0,112.0,nwsl
469,gpMOzoKnQz,Gemma Bonner,1991-07-13,England,DF,CB,,,"['2021', '2022']",5.0,9.0,,nwsl
470,gpMOzomrQz,Jade Moore,1990-10-22,England,MF,DM,,,2021,5.0,5.0,,nwsl
471,jYQJ1ajVqG,Tobin Heath,1988-05-29,USA,MF,W,,,"['2016', '2017', '2018', '2019', '2022']",5.0,6.0,130.0,nwsl
472,jYQJ1g8dqG,Ali Riley,1987-10-30,New Zealand,DF,FB,,,"['2021', '2022', '2023', '2024']",5.0,5.0,119.0,nwsl
473,jYQJa0vBqG,Ellis Wheeler,,USA,DF,FB,,,2024,,,,nwsl
474,jYQJabREqG,Konya Plummer,1997-08-02,Jamaica,DF,CB,,,"['2020', '2021']",5.0,8.0,130.0,nwsl
475,jYQJaJydqG,Taylor Porter,1997-10-29,USA,MF,DM,,,"['2021', '2022', '2023']",,,,nwsl
476,jYQJaJzDqG,Lainey Burdett,1996-12-22,USA,GK,GK,,,2019,5.0,10.0,,nwsl
477,jYQJavePqG,Madison Hammond,1997-11-15,USA,DF,FB,MF,DM,"['2020', '2021', '2022', '2023', '2024']",5.0,8.0,,nwsl
478,jYQJaw3kqG,Jaye Boissiere,1996-02-16,USA,MF,CM,,,2020,5.0,2.0,,nwsl
479,jYQJg0EdMG,Elyse Bennett,1999-08-10,USA,FW,ST,,,"['2022', '2023', '2024']",,,,nwsl
480,jYQJg0lEMG,Gabby Provenzano,1999-08-07,USA,DF,CB,,,"['2022', '2023']",,,,nwsl
481,jYQJgGXWMG,Olivia Van Der Jagt,,,MF,DM,,,"['2022', '2023', '2024']",,,,nwsl
482,jYQJz0WVQG,Madeline Nolf,1996-03-29,USA,DF,FB,,,"['2019', '2020', '2021', '2022']",5.0,3.0,,nwsl
483,jYQJz0XZQG,Jun Endo,2000-05-24,Japan,MF,W,,,"['2022', '2023']",5.0,5.0,,nwsl
484,jYQJz1mZQG,Britt Eckerstrom,1993-05-28,USA,GK,GK,,,"['2016', '2018', '2019', '2020']",5.0,8.0,135.0,nwsl
485,jYQJzkdZQG,Shade Pratt,1993-04-02,USA,MF,W,,,2016,5.0,7.0,,nwsl
486,jYQJzkgyQG,Elise Kreighoff,1993-11-18,USA,FW,ST,,,2016,,,,nwsl
487,jYQJzkYyQG,Rebekah Roller,1991-12-16,USA,,,,,{},,,,nwsl
488,jYQJzWeyQG,Reiss,1999-12-09,Brazil,MF,W,,,"['2022', '2023']",5.0,6.0,,nwsl
489,jYQJzwXyQG,Maitane Lopez,1995-03-13,Spain,DF,CB,,,"['2023', '2024']",5.0,9.0,135.0,nwsl
490,KAqB99w75b,Amy Harrison,1996-04-21,Australia,DF,FB,,,2019,5.0,7.0,130.0,nwsl
491,KAqB9G4A5b,Jeon Ga-Eul,1988-09-14,South Korea,MF,CM,,,2016,5.0,4.0,,nwsl
492,KAqB9gvJ5b,Brianna Smallidge,1993-11-26,USA,,,,,{},5.0,10.0,,nwsl
493,KAqB9Y8X5b,Shelina Zadorsky,1992-10-24,Canada,DF,CB,,,"['2016', '2017', '2018', '2019']",5.0,8.0,148.0,nwsl
494,KAqBjk9Vqb,Clare Polkinghorne,1989-02-01,Australia,DF,CB,,,"['2018', '2019']",5.0,7.0,148.0,nwsl
495,KAqBjNlAqb,Meghan Klingenberg,1988-08-02,USA,DF,FB,,,"['2016', '2017', '2018', '2019', '2020', '2021', '2022', '2023', '2024']",5.0,2.0,126.0,nwsl
496,KAqBk7P7Qb,Sydney Pulver,1999-06-10,USA,MF,DM,,,2022,,,,nwsl
497,KAqBkKgvQb,Emily Madril,1999-07-01,USA,DF,CB,,,"['2023', '2024']",,,,nwsl
498,KAqBN0dVqb,Rebecca Holloway,1995-08-25,Northern Ireland,DF,FB,,CB,"['2022', '2023']",,,,nwsl
499,KAqBN4d7qb,Chinyelu Asher,1993-05-20,Jamaica,DF,FB,,,2021,5.0,6.0,,nwsl
500,KAqBNlkJqb,Hanna Lundkvist,2002-07-17,Sweden,DF,FB,,,2024,5.0,7.0,137.0,nwsl
501,KAqBNmrmqb,Tziarra King,1998-08-24,USA,MF,W,,,"['2020', '2021', '2022', '2023', '2024']",5.0,9.0,,nwsl
502,KAqBNn1Zqb,Hannah Betfort,1999-01-04,USA,FW,ST,,,"['2021', '2022', '2023', '2024']",5.0,10.0,,nwsl
503,KAqBNV2Wqb,Sydney Miramontez,1994-10-11,USA,DF,FB,,CB,"['2017', '2018', '2019', '2021']",5.0,7.0,,nwsl
504,KAqBNYamqb,Morgan Reid,1995-06-13,USA,DF,CB,,,2019,5.0,7.0,,nwsl
505,KAqBNz4mqb,Savannah McCaskill,1996-07-31,USA,MF,AM,,,"['2018', '2019', '2020', '2021', '2022', '2023', '2024']",5.0,4.0,,nwsl
506,KAqBNzkXqb,Bárbara Olivieri,2002-02-24,Venezuela,MF,CM,,,"['2023', '2024']",5.0,5.0,123.0,nwsl
507,KAqBvLJXqb,Emeri Adames,2006-04-03,USA,MF,W,FW,ST,2024,5.0,3.0,,nwsl
508,KAqBvzOBqb,Kelsey Hill,,USA,DF,FB,,,2023,,,,nwsl
509,KPqj70wNQ6,Emily Alvarado,1998-06-09,Mexico,GK,GK,,,2023,5.0,9.0,,nwsl
510,KPqj7gByQ6,Sarah Gorden,1992-09-13,USA,DF,CB,,,"['2016', '2017', '2018', '2019', '2020', '2021', '2023', '2024']",5.0,4.0,,nwsl
511,KPqj7gN2Q6,Toni Pressley,1990-02-19,USA,DF,CB,,,"['2016', '2017', '2018', '2019', '2020', '2021', '2022']",5.0,11.0,,nwsl
512,KPqj7omEQ6,Nichelle Prince,1995-02-19,Canada,FW,W,,,"['2017', '2018', '2019', '2020', '2021', '2022', '2023']",5.0,5.0,143.0,nwsl
513,KPqj7WvEQ6,Claire Falknor,1993-05-12,USA,DF,FB,,,"['2017', '2018']",5.0,4.0,146.0,nwsl
514,KPqjBOaNq6,Bea Franklin,,USA,MF,DM,,,2024,,,,nwsl
515,KPqjBzzRq6,Emma Sears,2001-02-23,USA,FW,ST,MF,W,2024,5.0,9.0,,nwsl
516,KPqjKjoPQ6,Madison Pogarch,1997-11-05,USA,DF,FB,,,"['2019', '2020', '2021', '2022', '2023', '2024']",5.0,6.0,,nwsl
517,KPqjKkoPQ6,Savannah DeMelo,1998-03-26,USA,MF,CM,,,"['2022', '2023', '2024']",5.0,5.0,,nwsl
518,KPqjKN9PQ6,Sandra Yu,1995-11-05,USA,,,,,{},5.0,4.0,,nwsl
519,KPqjKodPQ6,Yanara Aedo,1993-08-05,Chile,,,,,{},5.0,1.0,115.0,nwsl
520,KPqjKvrYQ6,Gisele Thompson,2005-12-02,USA,FW,W,,,2024,5.0,4.0,,nwsl
521,KPqjKWP4Q6,Reilyn Turner,2002-10-18,USA,FW,ST,,,2024,5.0,9.0,,nwsl
522,KPqjKzG2Q6,Lauren Milliet,1996-12-01,USA,DF,FB,,,"['2019', '2020', '2021', '2022', '2023', '2024']",5.0,1.0,,nwsl
523,KPqjKzrEQ6,Channing Foster,1998-12-25,USA,FW,W,,,2022,,,,nwsl
524,KPqjoKrBQ6,Christie Pearce,1975-06-24,USA,DF,CB,,,"['2016', '2017']",5.0,6.0,,nwsl
525,KPqjw0ePQ6,Shelby Money,1997-04-22,USA,,,,,{},5.0,7.0,,nwsl
526,KPqjw0gnQ6,Brittany Persaud,1990-04-01,USA,,,,,{},5.0,4.0,,nwsl
527,kRQa204jMK,Mallory Eubanks,1996-06-04,USA,DF,FB,,,2018,5.0,4.0,,nwsl
528,kRQa264bMK,Sofia Huerta,1992-12-14,USA,DF,FB,,,"['2016', '2017', '2018', '2019', '2020', '2021', '2022', '2023', '2024']",5.0,7.0,,nwsl
529,kRQa2DZbMK,Arianna Romero,1992-07-29,Mexico,DF,FB,,,"['2019', '2020']",5.0,3.0,,nwsl
530,kRQa2mVoMK,Kirsten Davis,1998-09-08,USA,FW,ST,,,"['2022', '2023']",,,,nwsl
531,kRQa2wDkMK,Rose Lavelle,1995-05-14,USA,MF,CM,,,"['2017', '2018', '2019', '2020', '2021', '2022', '2023']",5.0,4.0,,nwsl
532,kRQa2Z3kMK,Leah Lynn Gabriela Fortune,1990-12-13,Brazil,DF,FB,,,2016,5.0,7.0,,nwsl
533,kRQabk1gMK,Alanna Kennedy,1995-01-21,Australia,MF,DM,DF,CB,"['2016', '2017', '2018', '2019']",5.0,9.0,139.0,nwsl
534,kRQabok8MK,Ali Krieger,1984-07-28,USA,DF,CB,,,"['2016', '2017', '2018', '2019', '2020', '2021', '2022', '2023']",5.0,6.0,132.0,nwsl
535,kRQaboLgMK,Nadine Angerer,1978-11-10,Germany,,,,,{},5.0,9.0,157.0,nwsl
536,kRQabWebMK,Erin McLeod,1983-02-26,Canada,GK,GK,,,"['2021', '2022']",5.0,9.0,161.0,nwsl
537,kRQao2bk5K,Esther González,1992-12-08,Spain,FW,ST,,,"['2023', '2024']",5.0,5.0,121.0,nwsl
538,kRQaogAk5K,Joanna Boyles,1995-11-13,USA,MF,DM,,,2019,,,,nwsl
539,kRQaozyb5K,Haley Hopkins,1998-12-21,USA,MF,W,,,"['2023', '2024']",,,,nwsl
540,kRQawd8O5K,Erin McKinney,,USA,,,,,{},,,,nwsl
541,kRQaWLbk5K,Amanda Kowalski,1998-09-01,USA,DF,CB,,,"['2022', '2023']",,,,nwsl
542,KXMe331vq6,Annika Schmidt,1993-05-04,Germany,,,,,{},,,,nwsl
543,KXMe3vgvq6,Melanie Barcenas,2007-10-30,USA,FW,ST,MF,W,"['2023', '2024']",,,,nwsl
544,KXMe84j3Q6,Melissa Lowder,,USA,GK,GK,,,2020,5.0,8.0,,nwsl
545,KXMe89xrQ6,Kaylee Gunion,,USA,,,,,{},,,,nwsl
546,KXMe8EBvQ6,Morgan Messner,2000-02-17,USA,,,,,{},,,,nwsl
547,KXMe8lW3Q6,Katie Murray,1997-01-16,USA,,,,,{},5.0,2.0,119.0,nwsl
548,KXMe8NL6Q6,Taylor Leach,1992-01-19,USA,DF,CB,,,"['2020', '2021', '2022']",5.0,10.0,,nwsl
549,KXMe8NwPQ6,Cassie Miller,1995-04-28,USA,GK,GK,,,"['2020', '2021', '2022', '2023', '2024']",,,,nwsl
550,KXMe8R02Q6,Ines Jaurena,1991-05-14,France,MF,CM,,,2023,,,,nwsl
551,KXMekeX1q6,Andi Tostanoski,1994-08-29,USA,GK,GK,,,2016,,,,nwsl
552,KXMekJVvq6,Meredith Speck,1993-02-01,USA,MF,DM,,,"['2016', '2017', '2018', '2019', '2020', '2021', '2022', '2023']",5.0,3.0,,nwsl
553,KXMekJykq6,Julie King,1989-10-21,USA,DF,CB,,FB,"['2016', '2017', '2019']",5.0,9.0,,nwsl
554,KXMekKxXq6,Camille Levin,1990-04-24,USA,DF,FB,,,"['2016', '2017']",5.0,3.0,,nwsl
555,KXMekRd6q6,Millie Farrow,1996-06-03,England,FW,ST,,,2023,,,,nwsl
556,KXMeO371q6,Desiree Scott,1987-07-31,Canada,MF,DM,,,"['2016', '2017', '2018', '2019', '2021', '2022', '2024']",5.0,3.0,137.0,nwsl
557,KXMeO8mvq6,Natasha Dowie,1988-06-30,England,FW,ST,,,"['2016', '2017']",,,,nwsl
558,KXMeOYn1q6,Kimberly DeCesare,1991-08-11,USA,FW,ST,,,2016,,,,nwsl
559,ljqE227oQx,Zoe Clark,1995-02-10,USA,DF,CB,,,2018,,,,nwsl
560,ljqE241EQx,Angelina,2000-01-26,Brazil,MF,W,,,"['2021', '2022', '2023', '2024']",5.0,3.0,,nwsl
561,ljqE2KEkQx,Kelsey Wys,1991-02-04,USA,GK,GK,,,"['2016', '2018']",5.0,10.0,,nwsl
562,ljqE2N7AQx,Haley Kopmeyer,1990-06-28,USA,GK,GK,,,"['2016', '2017', '2018', '2019']",5.0,11.0,,nwsl
563,ljqE2OzVQx,Christina Burkenroad,1993-07-12,USA,MF,W,FW,W,"['2016', '2017']",5.0,10.0,,nwsl
564,ljqE2r4oQx,Casey Murphy,1996-04-25,USA,GK,GK,,,"['2019', '2020', '2021', '2022', '2023', '2024']",6.0,1.0,159.0,nwsl
565,ljqE2rB4Qx,Cecelia Kizer,1997-08-07,USA,FW,ST,,,"['2019', '2020', '2021', '2022', '2023', '2024']",5.0,7.0,128.0,nwsl
566,ljqEj9aNQx,Erin Nayler,1992-04-17,New Zealand,,,,,{},5.0,9.0,137.0,nwsl
567,ljqEJe3YQx,Kennedy Fuller,2007-03-09,USA,MF,CM,,,2024,5.0,5.0,,nwsl
568,ljqEJjAAQx,Brittany Isenhour,1997-09-22,USA,GK,GK,,,"['2020', '2023']",5.0,8.0,,nwsl
569,ljqEjLeoQx,Heather O'Reilly,1985-01-02,USA,DF,FB,,,"['2016', '2018', '2019']",5.0,5.0,,nwsl
570,ljqEJoXwQx,Morgan Goff,,USA,DF,FB,,,2022,,,,nwsl
571,ljqELeEw5x,Katie McClure,1998-03-14,USA,MF,W,FW,W,"['2020', '2021']",5.0,4.0,,nwsl
572,ljqELZdo5x,Maximiliane Rall,1993-11-18,Germany,DF,FB,,,2024,5.0,11.0,157.0,nwsl
573,N6Mm7odPqE,Megan Rapinoe,1985-07-05,USA,FW,W,MF,W,"['2016', '2017', '2018', '2019', '2021', '2022', '2023']",5.0,6.0,132.0,nwsl
574,N6MmeE4xME,Samantha Leshnak,1997-04-21,USA,GK,GK,,,2019,5.0,11.0,,nwsl
575,N6MmeeVPME,Taylor Comeau,1993-07-21,USA,DF,FB,,,"['2016', '2017', '2018', '2019']",5.0,6.0,,nwsl
576,N6MmekVeME,Elli Reed,1989-08-10,USA,DF,FB,,,"['2016', '2017']",5.0,5.0,,nwsl
577,N6MmeONPME,Jen Buczkowski,1985-04-04,USA,MF,DM,,,2016,5.0,5.0,,nwsl
578,N6MmGEeqEG,Carly Telford,1987-07-07,England,GK,GK,,,2022,5.0,9.0,139.0,nwsl
579,N6MmodJvqE,Katie Lund,1996-11-27,USA,GK,GK,,,"['2021', '2022', '2023', '2024']",6.0,1.0,,nwsl
580,N6MmogVeqE,Raisa Strom-Okimoto,1997-10-25,USA,DF,FB,FW,W,"['2019', '2020', '2021']",5.0,3.0,,nwsl
581,N6MmogzLqE,Caitlin Farrell,1997-09-29,USA,MF,DM,FW,W,2019,5.0,10.0,,nwsl
582,N6MmoKJwqE,Trinity Rodman,2002-05-20,USA,MF,W,,,"['2021', '2022', '2023', '2024']",5.0,7.0,,nwsl
583,N6MmoO1wqE,Mya Rilaine Jones,2001-08-01,Canada,,,,,{},5.0,7.0,,nwsl
584,N6MmozmgqE,Bayley Feist,1997-03-14,USA,MF,CM,,,"['2019', '2020', '2022', '2023', '2024']",5.0,7.0,,nwsl
585,N6MmWrKWqE,Caeley Lordemann,1998-04-21,USA,,,,,{},,,,nwsl
586,NPqxA2zjQ9,Mary Vignola,1998-02-11,USA,DF,FB,,,"['2022', '2023', '2024']",,,,nwsl
587,NPqxe0LZQ9,Morgan Marlborough,1990-12-03,USA,MF,W,,,2016,6.0,0.0,,nwsl
588,NPqxe7bWQ9,Megan Dorsey,1992-01-16,USA,,,,,{},6.0,0.0,,nwsl
589,NPqxe7EGQ9,Natalie Viggiano,,USA,MF,W,,AM,2023,,,,nwsl
590,NPqxeeJYQ9,Larissa Crummer,1996-01-10,Australia,FW,W,MF,CM,2017,5.0,10.0,154.0,nwsl
591,NPqxev0jQ9,Asisat Oshoala,1994-10-09,Nigeria,FW,ST,,,2024,5.0,7.0,,nwsl
592,NPqxew6XQ9,Tinaya Alexander,1999-04-15,England,MF,W,,,2022,,,,nwsl
593,NPqxmxZxQ9,Nicole Barnhart,1981-10-10,USA,GK,GK,,,"['2016', '2017', '2018', '2019', '2020', '2021', '2023']",5.0,10.0,161.0,nwsl
594,NPqxndEmM9,Svava Rós Gudmundsdóttir,1995-11-11,Iceland,FW,ST,,,2023,,,,nwsl
595,NPqxorYY59,Jameese Joseph,,USA,MF,CM,,W,2024,,,,nwsl
596,NPqxxGogq9,Adrienne Jordan,1994-01-30,USA,DF,FB,,,2020,,,,nwsl
597,NPqxxjmkq9,Bethany Balcer,1997-03-07,USA,FW,ST,,,"['2019', '2020', '2021', '2022', '2023', '2024']",5.0,9.0,,nwsl
598,NPqxxmlGq9,Kelli Hubly,1994-08-09,USA,DF,CB,,,"['2017', '2018', '2019', '2020', '2021', '2022', '2023', '2024']",5.0,9.0,,nwsl
599,NPqxxODWq9,Hailey Harbison,1996-10-03,USA,FW,ST,,,2020,5.0,4.0,,nwsl
600,NWMWgJlNMl,Paige Metayer,2000-09-23,USA,MF,CM,,DM,"['2023', '2024']",,,,nwsl
601,NWMWgzp7Ml,Heather Stainbrook,2001-03-14,USA,,,,,{},5.0,4.0,,nwsl
602,NWMWl2jY5l,Kaleigh Kurtz,1994-09-09,USA,DF,CB,,,"['2018', '2019', '2020', '2021', '2022', '2023', '2024']",5.0,8.0,,nwsl
603,NWMWl7lE5l,Nicole Baxter,1994-05-12,USA,MF,CM,,DM,"['2020', '2021', '2022']",5.0,4.0,,nwsl
604,NWMWla0E5l,Allyson Swaby,1996-10-03,Jamaica,DF,CB,,,2022,5.0,9.0,157.0,nwsl
605,NWMWLBJe5l,Cameron Castleberry,1995-03-14,USA,FW,ST,,,2017,,,,nwsl
606,NWMWlgLE5l,Adriana,1996-11-17,Brazil,MF,W,,,"['2023', '2024']",5.0,4.0,117.0,nwsl
607,NWMWlObE5l,Bridgette Andrzejewski,1997-01-27,USA,FW,W,,,2020,5.0,8.0,,nwsl
608,NWMWlOGj5l,Anika Rodriguez,1997-01-01,USA,,,,,{},5.0,2.0,,nwsl
609,NWMWlOGK5l,Carly Nelson,,USA,GK,GK,,,"['2021', '2023', '2024']",,,,nwsl
610,NWMWly9D5l,Ryan Williams,1996-02-23,USA,DF,FB,,,"['2018', '2019', '2020', '2021', '2022', '2023', '2024']",5.0,7.0,,nwsl
611,NWMWo0RzMl,Jordyn Bloomer,1997-10-14,USA,GK,GK,,,2022,,,,nwsl
612,NWMWo6lEMl,Sophie French,1998-02-28,USA,FW,ST,,,2022,,,,nwsl
613,NWMWoDNzMl,Tatumn Milazzo,,USA,DF,CB,,FB,"['2021', '2022', '2023', '2024']",,,,nwsl
614,NWMWoEezMl,Shnia Gordan,1997-04-09,USA,MF,W,,,2022,5.0,3.0,117.0,nwsl
615,NWMWox9YMl,Abby Small,,,,,,,{},5.0,9.0,,nwsl
616,NWMWV07EQl,Ally Prisock,1997-01-18,USA,DF,CB,,,"['2019', '2020', '2021', '2022', '2023']",5.0,8.0,,nwsl
617,NWMWV0NYQl,Courtney Petersen,1997-10-28,USA,DF,FB,,,"['2020', '2021', '2022', '2023', '2024']",,,,nwsl
618,NWMWV1lEQl,Camila,1994-10-10,Brazil,MF,CM,,,"['2017', '2018', '2019']",5.0,3.0,,nwsl
619,NWMWVEkZQl,Jane Campbell,1995-02-17,USA,GK,GK,,,"['2017', '2018', '2019', '2020', '2021', '2022', '2023', '2024']",5.0,9.0,,nwsl
620,NWMWVGveQl,Alex Arlitt,1993-08-25,USA,DF,FB,,,2016,5.0,5.0,,nwsl
621,NWMWVjJjQl,Michelle Betos,1988-02-20,USA,GK,GK,,,"['2016', '2018', '2019', '2020', '2021', '2022', '2023']",5.0,9.0,,nwsl
622,NWMWVppLQl,Madalyn Schiffel,1994-09-19,USA,GK,GK,,,2017,,,,nwsl
623,NWMWVXAeQl,Darian Jenkins,1995-01-05,USA,MF,W,,,"['2018', '2019', '2020', '2021', '2022']",5.0,10.0,,nwsl
624,NWMWVXpDQl,Jannelle Flaws,1991-11-15,USA,FW,ST,,,2016,,,,nwsl
625,NWMWVy3KQl,Megan Crosson,1994-05-13,USA,DF,FB,,,"['2016', '2018', '2019']",5.0,9.0,,nwsl
626,NWMWXlBY5l,Amy Rodriguez,1987-02-17,USA,FW,ST,,,"['2017', '2018', '2019', '2020', '2021']",5.0,4.0,,nwsl
627,NWMWXoVZ5l,Elise Kellond-Knight,1990-08-10,Australia,DF,FB,,,2019,5.0,5.0,132.0,nwsl
628,Oa5w0xdgq1,Lauren Brzykcy,1999-11-08,USA,,,,,{},,,,nwsl
629,Oa5wA3WAQ1,Evelyne Viens,1997-02-06,Canada,FW,ST,,,"['2020', '2021']",5.0,8.0,,nwsl
630,Oa5wAA2DQ1,Hannah Stambaugh,1998-12-24,Japan,,,,,{},5.0,9.0,150.0,nwsl
631,Oa5wAbPDQ1,Bella Bixby,1995-11-20,USA,GK,GK,,,"['2020', '2021', '2022', '2023']",6.0,0.0,,nwsl
632,Oa5wAJ14Q1,Chantelle Swaby,1998-08-06,Jamaica,,,,,{},5.0,10.0,,nwsl
633,Oa5wAmXDQ1,Sophie Hirst,2000-02-25,USA,MF,DM,,CM,2023,,,,nwsl
634,Oa5wAP6WQ1,Hana Kerner,1997-03-17,USA,,,,,{},,,,nwsl
635,Oa5wAPb8Q1,Dana Foederer,2002-07-27,Netherlands,MF,CM,,,2024,5.0,6.0,,nwsl
636,Oa5wAPB8Q1,Addison Steiner,1994-12-19,USA,FW,ST,,,2019,,,,nwsl
637,Oa5wAPbAQ1,Betsy Brandon,1996-09-27,USA,MF,W,,,2019,5.0,6.0,,nwsl
638,Oa5wAWPBQ1,Narumi Miura,1997-07-03,Japan,MF,DM,,,"['2023', '2024']",5.0,1.0,97.0,nwsl
639,Oa5wdLyBq1,Hannah Diaz,1996-02-17,USA,MF,CM,,,2021,,,,nwsl
640,Oa5wdmoWq1,Caitlin Cosme,1999-01-19,USA,DF,CB,,,2023,,,,nwsl
641,Oa5wdvkXq1,Michelle Alozie,,USA,FW,W,,,"['2021', '2022', '2023', '2024']",,,,nwsl
642,Oa5wn4BAM1,Maegan Kelly,1992-02-19,Canada,MF,W,,,"['2017', '2019', '2020', '2021']",5.0,5.0,,nwsl
643,Oa5wV0JgM1,Lee So-Dam,1994-10-12,South Korea,MF,CM,,,2021,5.0,1.0,,nwsl
644,Oa5wVjjWM1,Ashley Herndon,1994-10-04,USA,MF,W,,,2017,,,,nwsl
645,Oa5wVmGDM1,Jenna Bike,1998-02-02,USA,MF,W,DF,FB,"['2022', '2023', '2024']",,,,nwsl
646,Oa5wVmk9M1,Emily Curran,1996-08-05,USA,MF,DM,,CM,"['2019', '2020', '2021', '2022']",5.0,5.0,,nwsl
647,Oa5wVmr9M1,Leah Galton,1994-05-24,England,MF,W,,,"['2016', '2017']",,,,nwsl
648,Oa5wVmZgM1,Gabrielle Carle,1998-10-12,Canada,DF,FB,,,"['2023', '2024']",5.0,6.0,,nwsl
649,Oa5wVW4AM1,Tori Huster,1989-09-23,USA,MF,CM,DF,FB,"['2016', '2017', '2018', '2019', '2020', '2021', '2023']",5.0,5.0,128.0,nwsl
650,Oa5wVWwBM1,Stephanie Ochs,1990-08-29,USA,DF,FB,,,"['2016', '2017']",,,,nwsl
651,Oa5wVXy8M1,Marie Muller,2000-07-25,Germany,DF,FB,,,2024,,,,nwsl
652,Oa5wVYNBM1,Abby Dahlkemper,1993-05-13,USA,DF,CB,,,"['2016', '2017', '2018', '2019', '2020', '2021', '2022', '2023', '2024']",5.0,7.0,,nwsl
653,Oa5wVyvDM1,Jennifer Skogerboe,1992-06-08,USA,DF,FB,,,2016,,,,nwsl
654,Oa5wYddXQ1,Kyah Simon,1991-06-25,Australia,MF,W,,,"['2016', '2018', '2019']",5.0,5.0,139.0,nwsl
655,Oa5wYkXDQ1,Luana,1993-05-02,Brazil,MF,DM,,,2024,5.0,4.0,121.0,nwsl
656,odMX7LnxQY,Michelle Cooper,2002-12-04,USA,MF,W,,,"['2023', '2024']",5.0,3.0,,nwsl
657,odMX7nbxQY,Julia Lester,1998-01-16,USA,DF,CB,,,"['2022', '2023']",,,,nwsl
658,odMX7PBGQY,Isabella D'Aquila,2001-09-08,USA,FW,ST,,,"['2023', '2024']",5.0,7.0,,nwsl
659,odMX7rK2QY,Evelina Duljan,2003-05-12,Sweden,,,,,{},5.0,3.0,,nwsl
660,odMX7W4JQY,Amanda Visco,1997-10-20,USA,,,,,{},,,,nwsl
661,odMX7XNGQY,Sierra Enge,2000-02-23,USA,MF,DM,,,2023,,,,nwsl
662,odMX7YDxQY,Carrie Lawrence,1997-07-15,USA,DF,CB,,FB,"['2020', '2022']",5.0,7.0,,nwsl
663,odMX7YOJQY,Savannah King,2005-02-07,USA,DF,FB,,,2024,5.0,6.0,,nwsl
664,odMX8EJoMY,Christine Sinclair,1983-06-12,Canada,FW,ST,MF,AM,"['2016', '2017', '2018', '2019', '2020', '2021', '2022', '2023', '2024']",5.0,9.0,148.0,nwsl
665,odMX8ElWMY,Bia Zaneratto,1993-12-17,Brazil,FW,ST,,,2024,5.0,9.0,,nwsl
666,odMX8w7GMY,Jodie Taylor,1986-05-17,England,FW,ST,,,"['2018', '2019', '2020', '2021', '2022']",5.0,6.0,,nwsl
667,odMXEOJx5Y,Jackie Altschuld,,,MF,W,,,2022,,,,nwsl
668,odMXGp9oQY,Olivia Griffitts,,USA,DF,FB,,,2024,,,,nwsl
669,odMXGw2oQY,Kayla Fischer,2000-01-05,USA,MF,CM,,,"['2023', '2024']",,,,nwsl
670,odMXGzY0QY,Emmie Allen,,USA,,,,,{},,,,nwsl
671,odMXR1wrqY,Taylor Lytle,1989-03-31,USA,MF,W,,,"['2016', '2017', '2018', '2020']",5.0,2.0,,nwsl
672,odMXRA4aqY,Rocky Rodríguez,1993-10-28,Costa Rica,MF,CM,,,"['2016', '2017', '2018', '2019', '2020', '2021', '2022', '2023', '2024']",5.0,6.0,,nwsl
673,odMXRl80qY,Uchenna Kanu,1997-06-20,Nigeria,FW,ST,MF,W,"['2023', '2024']",5.0,9.0,,nwsl
674,odMXRX2eqY,Tiffany Weimer,1983-12-05,USA,MF,W,,,"['2016', '2017', '2018']",,,,nwsl
675,odMXRX7WqY,Eunice Beckmann,1992-02-08,Germany,MF,W,FW,ST,2016,5.0,6.0,,nwsl
676,odMXRZOaqY,Christine Nairn,1990-09-25,USA,MF,CM,,,"['2016', '2017', '2018', '2019', '2020', '2021']",5.0,6.0,146.0,nwsl
677,OlMl96b45L,Elizabeth Eddy,1991-09-13,USA,DF,FB,,,"['2016', '2017', '2018', '2019', '2020', '2021', '2022', '2023']",5.0,5.0,,nwsl
678,OlMl96P45L,Brianne Reed,1994-02-05,USA,DF,FB,,,2016,,,,nwsl
679,OlMl9Ek45L,Kennedy Wesley,2001-03-08,USA,DF,CB,,,2024,5.0,5.0,119.0,nwsl
680,OlMl9jrP5L,Jimena López,1999-01-30,Mexico,DF,FB,,,"['2021', '2022']",5.0,7.0,,nwsl
681,OlMl9l845L,Gina Lewandowski,1985-04-13,USA,DF,CB,,,"['2019', '2020', '2021', '2022']",5.0,7.0,137.0,nwsl
682,OlMl9oz45L,Adrianna Franch,1990-11-12,USA,GK,GK,,,"['2016', '2017', '2018', '2019', '2021', '2022', '2023', '2024']",5.0,9.0,,nwsl
683,OlMl9P7A5L,Celia Jiménez,1995-06-20,Spain,DF,FB,,,"['2019', '2020', '2021', '2022', '2023', '2024']",5.0,7.0,,nwsl
684,OlMl9r1y5L,Zoey Goralski,1995-01-22,USA,DF,FB,,,"['2019', '2020', '2021']",5.0,3.0,,nwsl
685,OlMl9rz45L,Whitney Church,1993-04-30,USA,DF,CB,,,"['2016', '2017', '2018']",5.0,5.0,,nwsl
686,OlMl9V9D5L,Lynn Williams,1993-05-21,USA,FW,ST,,,"['2016', '2017', '2018', '2019', '2020', '2021', '2022', '2023', '2024']",5.0,7.0,,nwsl
687,OlMl9y7y5L,Shirley Cruz,1985-08-28,Costa Rica,MF,DM,,,"['2020', '2021']",5.0,5.0,101.0,nwsl
688,OlMlBBJRqL,Kayla Ann Morrison,1996-08-05,USA,DF,FB,,,2023,,,,nwsl
689,OlMlBWxRqL,Avery Patterson,2002-06-14,USA,DF,FB,,,2024,,,,nwsl
690,OlMled1D5L,Sydney Schneider,1999-08-31,Jamaica,,,,,{},5.0,10.0,,nwsl
691,OlMleGDw5L,Hillary Beall,1999-01-27,USA,,,,,{},5.0,11.0,,nwsl
692,OlMleK0E5L,Allison Wetherington,1994-11-30,USA,,,,,{},5.0,4.0,,nwsl
693,OlMlenlA5L,Tori Hansen,2001-01-14,USA,DF,CB,,,2023,5.0,9.0,,nwsl
694,OlMlgKE4QL,Olivia Sekany,,USA,,,,,{},5.0,11.0,,nwsl
695,OlMlgPKwQL,Sarah Clark,,USA,MF,DM,,,2023,,,,nwsl
696,OlMlr8kPqL,Dagny Brynjarsdóttir,1991-08-10,Iceland,MF,DM,,,"['2016', '2017', '2019']",5.0,5.0,,nwsl
697,OlMlrBARqL,Diana Matheson,1984-04-06,Canada,MF,W,,,"['2016', '2018', '2020']",5.0,0.0,117.0,nwsl
698,OlMlrBb0qL,Rosana,1982-07-07,Brazil,MF,AM,,W,2017,5.0,7.0,148.0,nwsl
699,p6qbegX350,Abby Erceg,1989-11-20,New Zealand,DF,CB,,,"['2016', '2017', '2018', '2019', '2020', '2021', '2022', '2023', '2024']",5.0,10.0,150.0,nwsl
700,p6qbgVxaQ0,Alexandra Pfeiffer,2007-11-26,USA,FW,ST,MF,W,2024,5.0,6.0,115.0,nwsl
701,p6qbo708Q0,Jennifer Cudjoe,1994-03-07,Ghana,MF,DM,,CM,"['2020', '2021', '2022']",5.0,6.0,,nwsl
702,p6qboBNbQ0,Leilanni Nesbeth,2001-07-17,Bermuda,MF,DM,,,2024,5.0,4.0,,nwsl
703,p6qboEVwQ0,Alyssa Thompson,2004-11-07,USA,FW,W,,,"['2023', '2024']",5.0,4.0,,nwsl
704,p6qbolY6Q0,Carlin Hudson,1996-11-01,USA,MF,W,DF,FB,2019,5.0,9.0,,nwsl
705,p6qbOmZBQ0,Isabella Briede,1998-10-03,USA,MF,CM,,DM,"['2022', '2023', '2024']",,,,nwsl
706,p6qbooA6Q0,Claudia Dickey,2000-01-06,USA,GK,GK,,,"['2023', '2024']",,,,nwsl
707,p6qbOp1XQ0,Saori Takarada,1999-12-27,Japan,DF,CB,,FB,2021,5.0,6.0,,nwsl
708,p6qbOp4wQ0,Devon Kerr,1997-07-03,Canada,GK,GK,,,2022,5.0,11.0,,nwsl
709,p6qboPe4Q0,Tara McKeown,1999-07-02,USA,DF,CB,,,"['2021', '2022', '2023', '2024']",5.0,7.0,,nwsl
710,p6qbOPR3Q0,Miriael Taylor,2000-02-02,England,MF,W,FW,ST,2022,,,,nwsl
711,p6qbOPx8Q0,Beverly Yanez,1988-07-19,USA,FW,ST,,,"['2016', '2017', '2018', '2019']",5.0,8.0,141.0,nwsl
712,p6qboRkaQ0,Diana Ordoñez,2001-09-26,USA,FW,ST,,,"['2022', '2023', '2024']",5.0,11.0,,nwsl
713,p6qbOv36Q0,Courtney Raetzman,1994-04-09,USA,MF,W,FW,ST,2016,,,,nwsl
714,p6qbovG4Q0,Shea Connors,1996-04-12,USA,MF,W,,CM,2023,5.0,3.0,,nwsl
715,p6qbOvZXQ0,Sarah Hagen,1989-11-18,USA,FW,ST,,,"['2016', '2017']",5.0,11.0,,nwsl
716,p6qbOWW4Q0,Rikke Marie Madsen,1997-08-09,Denmark,FW,ST,,,"['2022', '2023']",,,,nwsl
717,p6qboZk4Q0,Yazmeen Ryan,1999-02-25,USA,MF,CM,,W,"['2021', '2022', '2023', '2024']",,,,nwsl
718,p6qbRV43q0,Meghan Cox,1994-11-15,USA,DF,FB,,,"['2017', '2019']",,,,nwsl
719,Pk5L1ADOqO,Amanda Da Costa,1989-10-07,Portugal,MF,CM,,,"['2016', '2017']",,,,nwsl
720,Pk5L1JwDqO,Brittany Ratcliffe,1994-02-07,USA,MF,W,,,"['2016', '2017', '2018', '2020', '2021', '2022', '2023', '2024']",5.0,4.0,,nwsl
721,Pk5L610OQO,Kelsey Daugherty,1996-12-31,USA,,,,,{},,,,nwsl
722,Pk5L6kYLQO,Becki Tweed,,USA,,,,,{},,,,nwsl
723,Pk5L6maZQO,Phallon Tullis-Joyce,1996-10-19,USA,GK,GK,,,"['2021', '2022', '2023']",6.0,1.0,,nwsl
724,Pk5Le0DGqO,Agnes Nyberg,2000-04-19,Sweden,MF,DM,,,2024,5.0,4.0,126.0,nwsl
725,Pk5Le4O7qO,Morgan Ruhl,1994-07-28,USA,,,,,{},,,,nwsl
726,Pk5Lep9DqO,Michelle Maemone,1997-03-18,USA,DF,FB,,,"['2019', '2020', '2021']",5.0,6.0,,nwsl
727,Pk5Lg0ZEMO,Karina Rodriguez,1999-03-02,Mexico,DF,CB,,FB,"['2021', '2022']",5.0,5.0,,nwsl
728,Pk5Lg1NZMO,Megan Oyster,1992-09-03,USA,DF,CB,,,"['2016', '2017', '2018', '2019', '2020', '2021', '2022', '2023']",5.0,8.0,,nwsl
729,Pk5Lg2KOMO,Julia Bianchi,1997-10-07,Brazil,MF,DM,,CM,"['2023', '2024']",5.0,6.0,132.0,nwsl
730,Pk5LgdgYMO,Jaelene Daniels,1993-05-28,USA,DF,FB,,,"['2016', '2017', '2018', '2019', '2020', '2022']",5.0,4.0,135.0,nwsl
731,Pk5LggaNMO,Aminata Diallo,1995-04-03,France,MF,DM,,,2020,5.0,4.0,108.0,nwsl
732,Pk5LgPBEMO,Chestley Strother,1994-06-13,USA,,,,,{},5.0,9.0,,nwsl
733,Pk5LgPYEMO,Danielle Schulmann,1989-12-22,Israel,MF,CM,,,2016,5.0,9.0,,nwsl
734,Pk5Lz80GQO,Jadyn Edwards,,USA,MF,AM,,,2023,,,,nwsl
735,Pk5LzW9EQO,Brecken Mozingo,,USA,FW,W,MF,CM,2024,5.0,6.0,,nwsl
736,raMyA2pJMd,Andressinha,1995-05-01,Brazil,MF,CM,,,"['2016', '2017', '2018', '2019']",5.0,3.0,132.0,nwsl
737,raMyAD22Md,Jenna Nighswonger,2000-11-28,USA,DF,FB,,,"['2023', '2024']",,,,nwsl
738,raMyADblMd,Caroline Kastor,1991-10-12,USA,MF,W,FW,ST,2016,5.0,3.0,,nwsl
739,raMyADzlMd,Estelle Johnson,1988-07-21,Cameroon,DF,CB,,,"['2016', '2017', '2018', '2019', '2020', '2021', '2022']",5.0,6.0,,nwsl
740,raMyAGadMd,Mariah Lee,1996-06-30,USA,MF,W,,,2020,5.0,4.0,,nwsl
741,raMyAWkkMd,Marleen Schimmer,2000-10-23,Germany,MF,W,,,2022,,,,nwsl
742,raMyAZpRMd,Sam Mewis,1992-10-09,USA,MF,DM,,CM,"['2016', '2017', '2018', '2019', '2020', '2021', '2022']",5.0,11.0,,nwsl
743,raMye1zOMd,Audrey Harding,1998-07-14,USA,FW,ST,,,2022,5.0,10.0,,nwsl
744,raMyeZEOMd,Dani Rhodes,,USA,MF,W,FW,W,2020,,,,nwsl
745,raMyodEBqd,Chai Cortez,1998-07-18,USA,DF,FB,,,2023,5.0,3.0,,nwsl
746,raMyoRbNqd,Savannah Madden,1999-02-02,USA,,,,,{},5.0,7.0,,nwsl
747,raMyr3GJ5d,Deneisha Blackwood,1997-03-07,Jamaica,FW,W,,,"['2020', '2021']",5.0,7.0,,nwsl
748,raMyZeL25d,Sarah Bouhaddi,1986-10-17,France,GK,GK,,,2021,5.0,9.0,150.0,nwsl
749,raMyZezO5d,Rafaelle,1991-06-18,Brazil,DF,CB,,,2023,5.0,9.0,150.0,nwsl
750,Vj58addEq8,Nikia Smith,,USA,,,,,{},,,,nwsl
751,Vj58B3XJQ8,Kendall Johnson,1991-04-24,USA,DF,CB,,,2017,,,,nwsl
752,Vj58B42DQ8,McCall Zerboni,1986-12-13,USA,MF,CM,,DM,"['2016', '2017', '2018', '2019', '2020', '2021', '2022', '2023']",5.0,4.0,,nwsl
753,Vj58B4dDQ8,Frances Silva,1992-11-02,USA,MF,AM,,W,2016,5.0,4.0,,nwsl
754,Vj58B4pmQ8,Olivia Wingate,2000-02-20,USA,FW,ST,MF,W,2023,,,,nwsl
755,Vj58BBdEQ8,Emily Kruger,1992-10-27,USA,,,,,{},5.0,11.0,,nwsl
756,Vj58BBkmQ8,Ghoutia Karchouni,1995-05-29,France,MF,W,,,2016,5.0,5.0,112.0,nwsl
757,Vj58Bn3DQ8,Kate Wiesner,2001-02-11,USA,DF,FB,,,2024,5.0,7.0,,nwsl
758,Vj58BZALQ8,Sabrina Flores,1996-01-31,Mexico,DF,FB,,,"['2019', '2020', '2021', '2022', '2023']",5.0,3.0,,nwsl
759,Vj58l97r58,Lauren Flynn,2002-05-22,USA,,,,,{},5.0,6.0,,nwsl
760,Vj58lRaD58,Claire Hutton,2006-01-11,USA,MF,DM,,,2024,5.0,6.0,,nwsl
761,Vj58Wnl2M8,Zandy Soree,1998-08-01,Belgium,,,,,{},,,,nwsl
762,Vj58Ww6EM8,Jordyn Listro,1995-08-10,Canada,MF,DM,,CM,"['2020', '2021', '2022', '2023']",5.0,5.0,121.0,nwsl
763,Vj58Yd3rq8,Diane Caldwell,1988-09-11,Republic of Ireland,DF,CB,,,2021,5.0,8.0,,nwsl
764,vzqo77B7qa,Shawna Gordon,1990-01-18,Australia,MF,CM,,,2016,,,,nwsl
765,vzqo77Wvqa,Chloe Logarzo,1994-12-22,Australia,MF,CM,,,"['2019', '2021']",5.0,5.0,112.0,nwsl
766,vzqo79YBqa,Chioma Ubogagu,1992-09-10,England,MF,W,,,"['2016', '2017', '2018', '2019']",5.0,7.0,137.0,nwsl
767,vzqo7AR7qa,Christina Gibbons,1994-12-30,USA,DF,FB,,,"['2017', '2018']",5.0,6.0,,nwsl
768,vzqo7EeNqa,Laurel Ivory,1999-08-28,USA,GK,GK,,,"['2023', '2024']",5.0,9.0,,nwsl
769,vzqo7EgYqa,Kelcie Hedge,1997-09-19,USA,MF,DM,,CM,"['2021', '2022', '2023']",5.0,7.0,,nwsl
770,vzqo7eL7qa,Mônica,1987-04-21,Brazil,DF,CB,,,"['2016', '2017', '2018']",5.0,8.0,141.0,nwsl
771,vzqo7EvNqa,Abigail Kim,1999-07-19,USA,MF,W,,,"['2021', '2022']",5.0,7.0,,nwsl
772,vzqo7gGZqa,Kaleigh Riehl,1996-10-21,USA,DF,CB,,,"['2020', '2021', '2022', '2023', '2024']",5.0,8.0,,nwsl
773,vzqo7mKvqa,Kristen Edmonds,1987-05-22,USA,DF,FB,,,"['2016', '2017', '2018', '2019', '2020', '2021', '2022', '2023']",5.0,5.0,,nwsl
774,vzqo7obNqa,Erica Skroski,1994-02-14,USA,DF,FB,,CB,"['2016', '2017', '2018', '2019', '2020', '2021']",5.0,6.0,,nwsl
775,vzqo7oxNqa,Haley Carter,1984-06-21,USA,,,,,{},,,,nwsl
776,vzqo7ozZqa,Lindsay Agnew,1995-03-31,Canada,DF,FB,,,"['2017', '2018', '2019', '2020', '2021']",5.0,9.0,,nwsl
777,vzqo7r17qa,Sarah Woldmoe,1992-07-27,USA,MF,DM,,CM,"['2016', '2017', '2018', '2019', '2020', '2021']",5.0,8.0,,nwsl
778,vzqod1ABQa,Becca Ritchie,,USA,,,,,{},,,,nwsl
779,vzqod4GpQa,Grace Cutler,1997-02-18,USA,,,,,{},,,,nwsl
780,vzqodLvBQa,Allyson Schlegel,2000-02-07,USA,FW,ST,,,"['2023', '2024']",5.0,7.0,,nwsl
781,vzqodp0kQa,Cassie Rohan,1998-02-28,USA,MF,CM,,,2020,5.0,6.0,,nwsl
782,vzqodp0ZQa,Marissa Sheva,1997-04-22,USA,MF,CM,,,"['2022', '2023']",5.0,3.0,,nwsl
783,vzqodxaBQa,Sarah Teegarden,1995-04-21,USA,,,,,{},5.0,7.0,,nwsl
784,vzqodxdNQa,Frannie Crouse,1995-09-21,USA,MF,W,,,2018,5.0,7.0,,nwsl
785,vzqodxkjQa,Dorian Bailey,1997-01-28,USA,DF,FB,,,"['2019', '2020', '2021', '2022', '2023', '2024']",5.0,3.0,,nwsl
786,vzqoGXx7qa,Madison Tiernan,1995-07-03,USA,MF,W,,,"['2017', '2018']",5.0,4.0,,nwsl
787,vzqoGXxZqa,Julia Spetsmark,1989-06-30,Sweden,FW,ST,,,2019,5.0,5.0,,nwsl
788,vzqoJE2B5a,Samantha Fisher,1999-08-26,USA,MF,CM,,,"['2022', '2023']",,,,nwsl
789,vzqoJKnv5a,Mikayla Colohan,1999-02-25,USA,MF,DM,,,"['2022', '2023', '2024']",5.0,8.0,,nwsl
790,vzqoJR8J5a,Kayla Bruster,,USA,,,,,{},,,,nwsl
791,vzqoJRLZ5a,Megan Reid,,USA,DF,CB,,,"['2022', '2023', '2024']",,,,nwsl
792,vzqoJxXJ5a,Addie McCain,,USA,MF,AM,,,"['2021', '2022', '2023']",,,,nwsl
793,vzqoJZgJ5a,Allie Hess,,USA,FW,ST,,,2021,,,,nwsl
794,vzqoOLGYqa,Jordan Silkowitz,,USA,,,,,{},,,,nwsl
795,wvq9ebvmqW,Kenie Wright,1997-08-14,USA,DF,FB,,,2019,5.0,3.0,,nwsl
796,wvq9eD6BqW,Haleigh Stackpole,2000-08-04,USA,,,,,{},,,,nwsl
797,wvq9edaZqW,Michaela Abam,1997-06-12,Cameroon,FW,ST,,,"['2018', '2021', '2022']",5.0,7.0,,nwsl
798,wvq9edeNqW,Elizabeth Ball,1995-10-20,USA,DF,CB,,,"['2018', '2019', '2020', '2021', '2022', '2023', '2024']",5.0,6.0,,nwsl
799,wvq9eDr7qW,Sinclaire Miramontez,1998-04-11,USA,DF,FB,,,"['2020', '2021', '2022']",,,,nwsl
800,wvq9g8gBMW,Daphne Corboz,1993-06-14,France,MF,CM,,W,2017,5.0,2.0,,nwsl
801,wvq9gBJ7MW,Jessica McDonald,1988-02-28,USA,FW,ST,,,"['2016', '2017', '2018', '2019', '2020', '2021', '2022', '2023']",6.0,0.0,,nwsl
802,wvq9ggjBMW,Sarah Puntigam,1992-10-13,Austria,DF,CB,,,"['2023', '2024']",5.0,8.0,,nwsl
803,wvq9gKE7MW,Merritt Mathias,1990-07-02,USA,DF,FB,,,"['2016', '2017', '2018', '2019', '2021', '2022', '2024']",5.0,6.0,,nwsl
804,wvq9gl37MW,Marley Canales,1997-11-16,USA,MF,DM,,,"['2022', '2023']",,,,nwsl
805,wvq9gN17MW,Katie Stengel,1992-02-29,USA,FW,ST,,,"['2016', '2017', '2018', '2019', '2020', '2021', '2023', '2024']",5.0,9.0,,nwsl
806,wvq9goBNMW,Civana Kuhlmann,1999-04-14,USA,FW,ST,,,2023,5.0,6.0,,nwsl
807,wvq9gol1MW,Ellie Jean,1997-01-31,USA,DF,CB,,,"['2022', '2023', '2024']",,,,nwsl
808,wvq9gZ8YMW,Shae Holmes,2000-03-08,USA,DF,CB,,FB,"['2023', '2024']",,,,nwsl
809,wvq9gZdNMW,Caity Heap,1994-08-10,USA,MF,CM,,,"['2016', '2017']",,,,nwsl
810,wvq9gZYNMW,Erin Simon,1994-08-19,USA,DF,FB,,,"['2016', '2017', '2020', '2021', '2022']",5.0,5.0,,nwsl
811,wvq9jJ31QW,Gabrielle Robinson,,USA,DF,CB,,,"['2023', '2024']",,,,nwsl
812,wvq9p8815W,Christen Press,1988-12-29,USA,FW,ST,,,"['2016', '2017', '2018', '2019', '2022']",5.0,7.0,130.0,nwsl
813,wvq9penZ5W,Dzsenifer Marozsán,1992-04-18,Germany,FW,ST,MF,CM,2021,5.0,8.0,150.0,nwsl
814,wvq9X6dN5W,Makamae Gomera-Stevens,,USA,FW,W,,,"['2021', '2022']",5.0,5.0,,nwsl
815,wvq9Xbxl5W,Alia Martin,1998-06-09,USA,,,,,{},,,,nwsl
816,wvq9XJBZ5W,Sophie Braun,2000-01-26,Argentina,,,,,{},5.0,7.0,132.0,nwsl
817,wvq9Xp2m5W,Jaci Jones,1997-10-06,USA,,,,,{},,,,nwsl
818,Xj5Y4XlAMb,Jada Talley,,USA,MF,CM,,,2022,,,,nwsl
819,Xj5Y607aqb,Natalie Jacobs,1997-08-16,USA,DF,CB,,FB,"['2020', '2021', '2022', '2023', '2024']",5.0,8.0,,nwsl
820,Xj5Y60lRqb,Hailie Mace,1997-03-24,USA,DF,FB,,,"['2020', '2021', '2022', '2023', '2024']",5.0,7.0,,nwsl
821,Xj5Y62Dyqb,Kathryn Williamson,1989-08-01,USA,DF,FB,,,2016,5.0,6.0,,nwsl
822,Xj5Y66Eaqb,Ifeoma Onumonu,1994-02-25,USA,FW,ST,,,"['2017', '2018', '2019', '2020', '2021', '2022', '2023', '2024']",5.0,10.0,,nwsl
823,Xj5Y6jEwqb,Keelin Winters,1988-12-09,Australia,MF,DM,,,2016,5.0,8.0,,nwsl
824,Xj5Y6mWlqb,Alyssa Mautz,1989-07-29,USA,MF,W,,CM,"['2016', '2017', '2018', '2019', '2021', '2022']",5.0,5.0,,nwsl
825,Xj5Y6PPaqb,Tierna Davidson,1998-09-19,USA,DF,CB,,,"['2019', '2020', '2021', '2022', '2023', '2024']",5.0,10.0,,nwsl
826,Xj5Y87kyMb,Andressa Alves,1992-11-10,Brazil,MF,CM,,,"['2023', '2024']",5.0,6.0,128.0,nwsl
827,Xj5Y90Ny5b,Riley Mattingly,2000-03-31,USA,,,,,{},,,,nwsl
828,Xj5Y97805b,Rylee Baisden,1994-04-16,USA,FW,ST,,,"['2020', '2021', '2022']",,,,nwsl
829,Xj5Y9E3l5b,Bridget Callahan,1996-04-16,USA,MF,DM,,CM,"['2018', '2019']",5.0,5.0,,nwsl
830,Xj5Y9EPy5b,Ella Dederick,1996-07-27,USA,GK,GK,,,2021,5.0,10.0,,nwsl
831,Xj5Y9oOw5b,Addisyn Merrick,,USA,DF,CB,,,"['2020', '2021', '2022', '2023', '2024']",5.0,5.0,,nwsl
832,Xj5Y9PEw5b,Jazmin Jackmon,1997-10-30,USA,,,,,{},5.0,10.0,112.0,nwsl
833,Xj5Y9PzE5b,Alika Keene,1994-01-15,Jamaica,,,,,{},,,,nwsl
834,Xj5Y9zKX5b,Alana Cook,1997-04-11,USA,DF,CB,,,"['2020', '2021', '2022', '2023', '2024']",5.0,9.0,,nwsl
835,XVqK2j1K50,Chelsee Washington,1997-11-17,USA,MF,W,,,"['2020', '2021', '2022']",5.0,8.0,,nwsl
836,XVqK2V2w50,Luany,2003-02-03,Brazil,,,,,{},5.0,5.0,,nwsl
837,XVqKe41KM0,Chandra Eigenberger,1993-01-14,USA,,,,,{},,,,nwsl
838,XVqKeJGwM0,Deyna Castellanos,1999-04-18,Venezuela,MF,CM,,,2024,5.0,7.0,139.0,nwsl
839,XVqKeK6KM0,Meghan McCool,1997-09-14,USA,MF,CM,,W,2020,5.0,8.0,,nwsl
840,XVqKelEwM0,Taylor Malham,1999-05-20,USA,DF,FB,,,"['2022', '2023', '2024']",5.0,10.0,,nwsl
841,XVqKewOKM0,Kaylan Marckese,1998-04-22,USA,,,,,{},,,112.0,nwsl
842,XVqKezYwM0,Kayla Sharples,1997-06-17,USA,DF,CB,,,"['2019', '2020', '2021', '2022', '2023', '2024']",5.0,11.0,,nwsl
843,XVqKL7paQ0,Jamie Shepherd,2000-10-09,USA,,,,,{},,,,nwsl
844,XVqKW9Zwq0,Alexandra Chidiac,1999-01-15,Australia,MF,W,,,"['2022', '2023']",,,,nwsl
845,XVqKWbOKq0,Amanda Frisbie,1992-05-29,USA,DF,FB,,,"['2016', '2017', '2018']",5.0,8.0,,nwsl
846,XVqKWLrWq0,Midge Purce,1995-09-18,USA,MF,W,,,"['2017', '2018', '2019', '2020', '2021', '2022', '2023', '2024']",5.0,5.0,,nwsl
847,XVqKWmlOq0,Viviana Villacorta,1999-02-02,USA,MF,DM,,,"['2022', '2023']",5.0,7.0,,nwsl
848,XVqKWp8aq0,Danica Evans,1995-06-02,USA,FW,ST,,,"['2017', '2018', '2019', '2020']",5.0,6.0,,nwsl
849,XVqKWVlWq0,Jamia Fields,1993-09-24,USA,DF,FB,,,"['2016', '2017', '2019', '2020', '2021', '2022']",5.0,5.0,,nwsl
850,XVqKWw80q0,Linda Motlhalo,1998-07-01,South Africa,MF,DM,,,"['2018', '2024']",5.0,4.0,104.0,nwsl
851,XVqKYmW0M0,Adriana Leon,1992-10-02,Canada,MF,W,FW,W,"['2016', '2017', '2018', '2023']",5.0,3.0,,nwsl
852,xW5pr7ZRQg,Rachel Hill,1995-04-17,USA,MF,W,,,"['2017', '2018', '2019', '2020', '2021', '2022', '2023', '2024']",5.0,5.0,,nwsl
853,xW5prbxKQg,Reyna Reyes,2001-02-16,Mexico,DF,FB,,,"['2023', '2024']",5.0,7.0,,nwsl
854,xW5prm0dQg,Kerry Abello,1999-09-17,USA,MF,W,,,"['2022', '2023', '2024']",,,,nwsl
855,xW5prReRQg,McKenzie Berryhill,1993-03-24,USA,DF,CB,,FB,"['2016', '2019']",5.0,9.0,,nwsl
856,xW5prreYQg,Arielle Ship,1995-05-02,USA,FW,ST,,,"['2017', '2018', '2019', '2020']",5.0,7.0,,nwsl
857,xW5prWVJQg,Anna Moorhouse,1995-03-30,England,GK,GK,,,"['2022', '2023', '2024']",,,,nwsl
858,xW5prYLGQg,Lauren Barnes,1989-05-31,USA,DF,CB,,FB,"['2016', '2017', '2018', '2019', '2020', '2021', '2022', '2023', '2024']",5.0,5.0,,nwsl
859,xW5pw0pBMg,Noelle Higginson,1997-12-07,USA,,,,,{},5.0,8.0,,nwsl
860,xW5pwpkJMg,Allison Whitfield,1998-08-10,USA,,,,,{},5.0,10.0,,nwsl
861,xW5pxw695g,Eugénie Le Sommer,1989-05-18,France,FW,W,,,2021,5.0,3.0,128.0,nwsl
862,xW5pyJ9Rqg,Leah Pruitt,1997-09-05,USA,FW,ST,,,"['2019', '2020', '2021', '2022']",5.0,8.0,,nwsl
863,zeQZ71BxMK,Kendall Fletcher,1984-11-06,Australia,DF,CB,,,"['2016', '2021']",,,,nwsl
864,zeQZ7kAYMK,McKenzie Meehan,1994-12-25,USA,FW,ST,,,"['2017', '2018', '2019', '2020']",5.0,5.0,,nwsl
865,zeQZ7KmKMK,Jaycie Johnson,1995-04-18,USA,MF,W,FW,ST,"['2018', '2019', '2021', '2022']",5.0,6.0,,nwsl
866,zeQZ7x0xMK,Yuka Momiki,1996-04-09,Japan,MF,W,,,"['2020', '2021']",5.0,0.0,108.0,nwsl
867,zeQZ7xZYMK,Kim Reynolds,,USA,,,,,{},,,,nwsl
868,zeQZ7Y8jMK,Dani Weatherholt,1994-03-17,USA,MF,DM,,CM,"['2016', '2017', '2018', '2019', '2020', '2021', '2022', '2023', '2024']",5.0,8.0,,nwsl
869,zeQZ7ZYDMK,Halimatu Ayinde,1995-05-16,Nigeria,FW,ST,,,2016,5.0,5.0,,nwsl
870,zeQZeGBNqK,Kimmi Ascanio,,,MF,DM,,,2024,,,,nwsl
871,zeQZeYOxqK,Kate Howarth,1991-07-03,USA,FW,W,MF,AM,2020,5.0,6.0,,nwsl
872,zeQZJeeNQK,Laura Alleway,1989-11-28,Australia,DF,CB,,,"['2016', '2017']",5.0,10.0,159.0,nwsl
873,zeQZJew1QK,Jill Loyden,1985-06-25,USA,,,,,{},5.0,10.0,,nwsl
874,zeQZJPmZQK,Sydney Leroux,1990-05-07,USA,FW,ST,,,"['2017', '2018', '2019', '2020', '2021', '2022', '2023', '2024']",5.0,7.0,,nwsl
875,zeQZJXGZQK,Becky Sauerbrunn,1985-06-06,USA,DF,CB,,,"['2016', '2017', '2018', '2019', '2020', '2021', '2022', '2023', '2024']",5.0,7.0,141.0,nwsl
876,zeQZJXnKQK,Almuth Schult,1991-02-09,Germany,GK,GK,,,2022,5.0,11.0,157.0,nwsl
877,zeQZJXvKQK,Kim Little,1990-06-29,Scotland,MF,DM,,,"['2016', '2022']",5.0,4.0,132.0,nwsl
878,zeQZXA7r5K,Ary Borges,1999-12-28,Brazil,MF,CM,,,"['2023', '2024']",5.0,5.0,132.0,nwsl
